Sample in Buffer,Sample in Window,TRIGGER,OUT_1[0:0],OUT_2[1:1],OUT_3[2:2],OUT_4[3:3],OUT_5[4:4],OUT_6[5:5],OUT_7[6:6],OUT_8[7:7],OUT_9[8:8],OUT_10[9:9],OUT_11[10:10],OUT_12[11:11],OUT_13[12:12],OUT_14[13:13],OUT_15[14:14],OUT[15:15],START_IBUF_BUFG,p_0_in,selclk_IBUF
Radix - UNSIGNED,UNSIGNED,UNSIGNED,BINARY,BINARY,BINARY,BINARY,BINARY,BINARY,BINARY,BINARY,BINARY,BINARY,BINARY,BINARY,BINARY,BINARY,BINARY,BINARY,HEX,HEX,HEX
0,0,0,1,1,1,1,1,1,1,1,1,1,1,1,1,1,1,1,1,1,0
1,1,0,1,1,1,1,1,1,1,1,1,1,1,1,1,1,1,1,1,1,0
2,2,0,1,1,1,1,1,1,1,1,1,1,1,1,1,1,1,1,1,1,0
3,3,0,1,1,1,1,1,1,1,1,1,1,1,1,1,1,1,1,1,1,0
4,4,0,1,1,1,1,1,1,1,1,1,1,1,1,1,1,1,1,1,1,0
5,5,0,1,1,1,1,1,1,1,1,1,1,1,1,1,1,1,1,1,1,0
6,6,0,1,1,1,1,1,1,1,1,1,1,1,1,1,1,1,1,1,1,0
7,7,0,1,1,1,1,1,1,1,1,1,1,1,1,1,1,1,1,1,1,0
8,8,0,1,1,1,1,1,1,1,1,1,1,1,1,1,1,1,1,1,1,0
9,9,0,1,1,1,1,1,1,1,1,1,1,1,1,1,1,1,1,1,1,0
10,10,0,1,1,1,1,1,1,1,1,1,1,1,1,1,1,1,1,1,1,0
11,11,0,1,1,1,1,1,1,1,1,1,1,1,1,1,1,1,1,1,1,0
12,12,0,1,1,1,1,1,1,1,1,1,1,1,1,1,1,1,1,1,1,0
13,13,0,1,1,1,1,1,1,1,1,1,1,1,1,1,1,1,1,1,1,0
14,14,0,1,1,1,1,1,1,1,1,1,1,1,1,1,1,1,1,1,1,0
15,15,0,1,1,1,1,1,1,1,1,1,1,1,1,1,1,1,1,1,1,0
16,16,0,1,1,1,1,1,1,1,1,1,1,1,1,1,1,1,1,1,1,0
17,17,0,1,1,1,1,1,1,1,1,1,1,1,1,1,1,1,1,1,1,0
18,18,0,1,1,1,1,1,1,1,1,1,1,1,1,1,1,1,1,1,1,0
19,19,0,1,1,1,1,1,1,1,1,1,1,1,1,1,1,1,1,1,1,0
20,20,0,1,1,1,1,1,1,1,1,1,1,1,1,1,1,1,1,1,1,0
21,21,0,1,1,1,1,1,1,1,1,1,1,1,1,1,1,1,1,1,1,0
22,22,0,1,1,1,1,1,1,1,1,1,1,1,1,1,1,1,1,1,1,0
23,23,0,1,1,1,1,1,1,1,1,1,1,1,1,1,1,1,1,1,1,0
24,24,0,1,1,1,1,1,1,1,1,1,1,1,1,1,1,1,1,1,1,0
25,25,0,1,1,1,1,1,1,1,1,1,1,1,1,1,1,1,1,1,1,0
26,26,0,1,1,1,1,1,1,1,1,1,1,1,1,1,1,1,1,1,1,0
27,27,0,1,1,1,1,1,1,1,1,1,1,1,1,1,1,1,1,1,1,0
28,28,0,1,1,1,1,1,1,1,1,1,1,1,1,1,1,1,1,1,1,0
29,29,0,1,1,1,1,1,1,1,1,1,1,1,1,1,1,1,1,1,1,0
30,30,0,1,1,1,1,1,1,1,1,1,1,1,1,1,1,1,1,1,1,0
31,31,0,1,1,1,1,1,1,1,1,1,1,1,1,1,1,1,1,1,1,0
32,32,0,1,1,1,1,1,1,1,1,1,1,1,1,1,1,1,1,1,1,0
33,33,0,1,1,1,1,1,1,1,1,1,1,1,1,1,1,1,1,1,1,0
34,34,0,1,1,1,1,1,1,1,1,1,1,1,1,1,1,1,1,1,1,0
35,35,0,1,1,1,1,1,1,1,1,1,1,1,1,1,1,1,1,1,1,0
36,36,0,1,1,1,1,1,1,1,1,1,1,1,1,1,1,1,1,1,1,0
37,37,0,1,1,1,1,1,1,1,1,1,1,1,1,1,1,1,1,1,1,0
38,38,0,1,1,1,1,1,1,1,1,1,1,1,1,1,1,1,1,1,1,0
39,39,0,1,1,1,1,1,1,1,1,1,1,1,1,1,1,1,1,1,1,0
40,40,0,1,1,1,1,1,1,1,1,1,1,1,1,1,1,1,1,1,1,0
41,41,0,1,1,1,1,1,1,1,1,1,1,1,1,1,1,1,1,1,1,0
42,42,0,1,1,1,1,1,1,1,1,1,1,1,1,1,1,1,1,1,1,0
43,43,0,1,1,1,1,1,1,1,1,1,1,1,1,1,1,1,1,1,1,0
44,44,0,1,1,1,1,1,1,1,1,1,1,1,1,1,1,1,1,1,1,0
45,45,0,1,1,1,1,1,1,1,1,1,1,1,1,1,1,1,1,1,1,0
46,46,0,1,1,1,1,1,1,1,1,1,1,1,1,1,1,1,1,1,1,0
47,47,0,1,1,1,1,1,1,1,1,1,1,1,1,1,1,1,1,1,1,0
48,48,0,1,1,1,1,1,1,1,1,1,1,1,1,1,1,1,1,1,1,0
49,49,0,1,1,1,1,1,1,1,1,1,1,1,1,1,1,1,1,1,1,0
50,50,0,1,1,1,1,1,1,1,1,1,1,1,1,1,1,1,1,1,1,0
51,51,0,1,1,1,1,1,1,1,1,1,1,1,1,1,1,1,1,1,1,0
52,52,0,1,1,1,1,1,1,1,1,1,1,1,1,1,1,1,1,1,1,0
53,53,0,1,1,1,1,1,1,1,1,1,1,1,1,1,1,1,1,1,1,0
54,54,0,1,1,1,1,1,1,1,1,1,1,1,1,1,1,1,1,1,1,0
55,55,0,1,1,1,1,1,1,1,1,1,1,1,1,1,1,1,1,1,1,0
56,56,0,1,1,1,1,1,1,1,1,1,1,1,1,1,1,1,1,1,1,0
57,57,0,1,1,1,1,1,1,1,1,1,1,1,1,1,1,1,1,1,1,0
58,58,0,1,1,1,1,1,1,1,1,1,1,1,1,1,1,1,1,1,1,0
59,59,0,1,1,1,1,1,1,1,1,1,1,1,1,1,1,1,1,1,1,0
60,60,0,1,1,1,1,1,1,1,1,1,1,1,1,1,1,1,1,1,1,0
61,61,0,1,1,1,1,1,1,1,1,1,1,1,1,1,1,1,1,1,1,0
62,62,0,1,1,1,1,1,1,1,1,1,1,1,1,1,1,1,1,1,0,0
63,63,1,0,1,1,1,1,1,1,1,1,1,1,1,0,0,0,1,1,0,0
64,64,0,1,1,1,1,1,1,1,1,1,1,1,0,1,0,0,1,1,0,0
65,65,0,1,1,1,1,1,1,1,1,1,1,0,0,1,0,0,0,1,0,0
66,66,0,1,1,1,1,1,0,1,1,1,1,1,1,1,0,0,0,1,0,0
67,67,0,1,1,1,1,1,1,1,1,1,1,0,1,1,0,0,0,1,0,0
68,68,0,1,1,1,1,1,0,1,1,1,1,0,1,1,0,0,0,1,0,0
69,69,0,1,1,1,1,1,1,1,1,1,1,0,0,1,0,0,0,1,0,0
70,70,0,1,1,1,1,1,0,1,1,1,1,0,0,1,0,0,0,1,0,0
71,71,0,1,1,1,1,1,1,1,1,1,1,0,0,1,0,0,0,1,0,0
72,72,0,1,1,1,1,1,0,1,1,1,1,0,0,1,0,0,0,1,0,0
73,73,0,1,1,1,1,1,1,1,1,1,1,0,0,1,0,0,0,1,0,0
74,74,0,1,1,1,1,1,0,1,1,1,1,0,0,1,0,0,0,1,0,0
75,75,0,1,1,1,1,1,0,1,1,1,1,0,0,1,0,0,0,1,0,0
76,76,0,1,1,1,1,1,0,1,1,1,1,0,0,1,0,0,0,1,0,0
77,77,0,1,1,1,1,1,0,1,1,1,1,0,0,1,0,0,0,1,0,0
78,78,0,1,1,1,1,1,0,1,1,1,1,0,0,1,0,0,0,1,0,0
79,79,0,1,1,1,1,1,0,1,1,1,1,0,0,1,0,0,0,1,0,0
80,80,0,1,1,1,1,1,0,1,1,1,1,0,0,1,0,0,0,1,0,0
81,81,0,1,1,1,1,0,0,1,1,1,1,0,0,1,0,0,0,1,0,0
82,82,0,1,1,1,1,1,0,1,1,1,1,0,0,1,0,0,0,1,0,0
83,83,0,1,1,1,1,1,0,1,1,1,1,0,0,1,0,0,0,1,0,0
84,84,0,1,1,1,1,0,0,1,1,1,1,0,0,1,0,0,0,1,0,0
85,85,0,1,1,1,1,0,0,1,1,1,1,0,0,1,0,0,0,1,0,0
86,86,0,1,1,1,1,0,0,1,1,1,1,0,0,1,0,0,0,1,0,0
87,87,0,1,1,1,1,0,0,1,1,1,1,0,0,1,0,0,0,1,0,0
88,88,0,1,1,1,1,0,0,1,1,1,1,0,0,1,0,0,0,1,0,0
89,89,0,1,1,1,1,0,0,1,1,1,1,0,0,1,0,0,0,1,0,0
90,90,0,1,1,1,1,0,0,1,1,1,1,0,0,1,0,0,0,1,0,0
91,91,0,1,1,1,1,0,0,1,1,1,1,0,0,1,0,0,0,1,0,0
92,92,0,1,1,1,1,0,0,1,1,1,1,0,0,1,0,0,0,1,0,0
93,93,0,1,1,1,1,0,0,1,1,1,1,0,0,1,0,0,0,1,0,0
94,94,0,1,1,1,1,0,0,1,1,1,1,0,0,1,0,0,0,1,0,0
95,95,0,1,1,1,1,0,0,1,1,1,1,0,0,1,0,0,0,1,0,0
96,96,0,1,1,1,1,0,0,1,1,1,1,0,0,1,0,0,0,1,0,0
97,97,0,1,1,1,1,0,0,1,1,1,1,0,0,1,0,0,0,1,0,0
98,98,0,1,1,1,1,0,0,1,1,1,1,0,0,1,0,0,0,1,0,0
99,99,0,1,1,1,1,0,0,1,1,1,1,0,0,1,0,0,0,1,0,0
100,100,0,1,1,1,1,0,0,1,1,1,1,0,0,1,0,0,0,1,0,0
101,101,0,1,1,1,1,0,0,1,1,1,1,0,0,1,0,0,0,1,0,0
102,102,0,1,1,1,1,0,0,1,1,1,1,0,0,1,0,0,0,1,0,0
103,103,0,1,1,1,1,0,0,1,1,1,1,0,0,1,0,0,0,1,0,0
104,104,0,1,1,1,1,0,0,1,1,1,1,0,0,1,0,0,0,1,0,0
105,105,0,1,1,1,1,0,0,1,1,1,1,0,0,1,0,0,0,1,0,0
106,106,0,1,1,1,1,0,0,1,1,1,1,0,0,1,0,0,0,1,0,0
107,107,0,1,1,1,1,0,0,1,1,1,1,0,0,1,0,0,0,1,0,0
108,108,0,1,1,1,1,0,0,1,1,1,1,0,0,1,0,0,0,1,0,0
109,109,0,1,1,1,1,0,0,1,1,1,1,0,0,1,0,0,0,1,0,0
110,110,0,1,1,1,1,0,0,1,1,1,1,0,0,1,0,0,0,1,0,0
111,111,0,1,1,1,1,0,0,1,1,1,1,0,0,1,0,0,0,1,0,0
112,112,0,1,1,1,1,0,0,1,1,1,1,0,0,1,0,0,0,1,0,0
113,113,0,1,1,1,1,0,0,1,1,1,1,0,0,1,0,0,0,1,0,0
114,114,0,1,1,1,1,0,0,1,1,1,1,0,0,1,0,0,0,1,0,0
115,115,0,1,1,1,1,0,0,1,1,1,1,0,0,1,0,0,0,1,0,0
116,116,0,1,1,1,1,0,0,1,1,1,1,0,0,1,0,0,0,1,0,0
117,117,0,1,1,1,1,0,0,1,1,1,1,0,0,1,0,0,0,1,0,0
118,118,0,1,1,1,1,0,0,1,1,1,1,0,0,1,0,0,0,1,0,0
119,119,0,1,1,1,1,0,0,1,1,1,1,0,0,1,0,0,0,1,0,0
120,120,0,1,1,1,1,0,0,1,1,1,1,0,0,1,0,0,0,1,0,0
121,121,0,1,1,1,1,0,0,1,1,1,1,0,0,1,0,0,0,1,0,0
122,122,0,1,1,1,1,0,0,1,1,1,1,0,0,1,0,0,0,1,0,0
123,123,0,1,1,1,1,0,0,1,1,1,1,0,0,1,0,0,0,1,0,0
124,124,0,1,1,1,1,0,0,1,1,1,1,0,0,1,0,0,0,1,0,0
125,125,0,1,1,1,1,0,0,1,1,1,1,0,0,1,0,0,0,1,0,0
126,126,0,1,1,1,1,0,0,1,1,1,1,0,0,1,0,0,0,1,0,0
127,127,0,1,1,1,1,0,0,1,1,1,1,0,0,1,0,0,0,1,0,0
128,128,0,1,1,1,1,0,0,1,1,1,1,0,0,1,0,0,0,1,0,0
129,129,0,1,1,1,1,0,0,1,1,1,1,0,0,1,0,0,0,1,0,0
130,130,0,1,1,1,1,0,0,1,1,1,1,0,0,1,0,0,0,1,0,0
131,131,0,1,1,1,1,0,0,1,1,1,1,0,0,1,0,0,0,1,0,0
132,132,0,1,1,1,1,0,0,1,1,1,1,0,0,1,0,0,0,1,0,0
133,133,0,1,1,1,1,0,0,1,1,1,1,0,0,1,0,0,0,1,0,0
134,134,0,1,1,1,1,0,0,1,1,1,1,0,0,1,0,0,0,1,0,0
135,135,0,1,1,1,1,0,0,1,1,1,1,0,0,1,0,0,0,1,0,0
136,136,0,1,1,1,1,0,0,1,1,1,1,0,0,1,0,0,0,1,0,0
137,137,0,1,1,1,1,0,0,1,1,1,1,0,0,1,0,0,0,1,0,0
138,138,0,1,1,1,1,0,0,1,1,1,1,0,0,1,0,0,0,1,0,0
139,139,0,1,1,1,1,0,0,1,1,1,1,0,0,1,0,0,0,1,0,0
140,140,0,1,1,1,1,0,0,1,1,1,1,0,0,1,0,0,0,1,0,0
141,141,0,1,1,1,1,0,0,1,1,1,1,0,0,1,0,0,0,1,0,0
142,142,0,1,1,1,1,0,0,1,1,1,1,0,0,1,0,0,0,1,0,0
143,143,0,1,1,1,1,0,0,1,1,1,1,0,0,1,0,0,0,1,0,0
144,144,0,1,1,1,1,0,0,1,1,1,1,0,0,1,0,0,0,1,0,0
145,145,0,1,1,1,1,0,0,1,1,1,1,0,0,1,0,0,0,1,0,0
146,146,0,1,1,1,1,0,0,1,1,1,1,0,0,1,0,0,0,1,0,0
147,147,0,1,1,1,1,0,0,1,1,1,1,0,0,1,0,0,0,1,0,0
148,148,0,1,1,1,1,0,0,1,1,1,1,0,0,1,0,0,0,1,0,0
149,149,0,1,1,1,1,0,0,1,1,1,1,0,0,1,0,0,0,1,0,0
150,150,0,1,1,1,1,0,0,1,1,1,1,0,0,1,0,0,0,1,0,0
151,151,0,1,1,1,1,0,0,1,1,1,1,0,0,1,0,0,0,1,0,0
152,152,0,1,1,1,1,0,0,1,1,1,1,0,0,1,0,0,0,1,0,0
153,153,0,1,1,1,1,0,0,1,1,1,1,0,0,1,0,0,0,1,0,0
154,154,0,1,1,1,1,0,0,1,1,1,1,0,0,1,0,0,0,1,0,0
155,155,0,1,1,1,1,0,0,1,1,1,1,0,0,1,0,0,0,1,0,0
156,156,0,1,1,1,1,0,0,1,1,1,1,0,0,1,0,0,0,1,0,0
157,157,0,1,1,1,1,0,0,1,1,1,1,0,0,1,0,0,0,1,0,0
158,158,0,1,1,1,1,0,0,1,1,1,1,0,0,1,0,0,0,1,0,0
159,159,0,1,1,1,1,0,0,1,1,1,1,0,0,1,0,0,0,1,0,0
160,160,0,1,1,1,1,0,0,1,1,1,1,0,0,1,0,0,0,1,0,0
161,161,0,1,1,1,1,0,0,1,1,1,1,0,0,1,0,0,0,1,0,0
162,162,0,1,1,1,1,0,0,1,1,1,1,0,0,1,0,0,0,1,0,0
163,163,0,1,1,1,1,0,0,1,1,1,1,0,0,1,0,0,0,1,0,0
164,164,0,1,1,1,1,0,0,1,1,1,1,0,0,1,0,0,0,1,0,0
165,165,0,1,1,1,1,0,0,1,1,1,1,0,0,1,0,0,0,1,0,0
166,166,0,1,1,1,1,0,0,1,1,1,1,0,0,1,0,0,0,1,0,0
167,167,0,1,1,1,1,0,0,1,1,1,1,0,0,1,0,0,0,1,0,0
168,168,0,1,1,1,1,0,0,1,1,1,1,0,0,1,0,0,0,1,0,0
169,169,0,1,1,1,1,0,0,1,1,1,1,0,0,1,0,0,0,1,0,0
170,170,0,1,1,1,1,0,0,1,1,1,1,0,0,1,0,0,0,1,0,0
171,171,0,1,1,1,1,0,0,1,1,1,1,0,0,1,0,0,0,1,0,0
172,172,0,1,1,1,1,0,0,1,1,1,1,0,0,1,0,0,0,1,0,0
173,173,0,1,1,1,1,0,0,1,1,1,1,0,0,1,0,0,0,1,0,0
174,174,0,1,1,1,1,0,0,1,1,1,1,0,0,1,0,0,0,1,0,0
175,175,0,1,1,1,1,0,0,1,1,1,1,0,0,1,0,0,0,1,0,0
176,176,0,1,1,1,1,0,0,1,1,1,1,0,0,1,0,0,0,1,0,0
177,177,0,1,1,1,1,0,0,1,1,1,1,0,0,1,0,0,0,1,0,0
178,178,0,1,1,1,1,0,0,1,1,1,1,0,0,1,0,0,0,1,0,0
179,179,0,1,1,1,1,0,0,1,1,1,1,0,0,1,0,0,0,1,0,0
180,180,0,1,1,1,1,0,0,1,1,1,1,0,0,1,0,0,0,1,0,0
181,181,0,1,1,1,1,0,0,1,1,1,1,0,0,1,0,0,0,1,0,0
182,182,0,1,1,1,1,0,0,1,1,1,1,0,0,1,0,0,0,1,0,0
183,183,0,1,1,1,1,0,0,1,1,1,1,0,0,1,0,0,0,1,0,0
184,184,0,1,1,1,1,0,0,1,1,1,1,0,0,1,0,0,0,1,0,0
185,185,0,1,1,1,1,0,0,1,1,1,1,0,0,1,0,0,0,1,0,0
186,186,0,1,1,1,1,0,0,1,1,1,1,0,0,1,0,0,0,1,0,0
187,187,0,1,1,1,1,0,0,1,1,1,1,0,0,1,0,0,0,1,0,0
188,188,0,1,1,1,1,0,0,1,1,1,1,0,0,1,0,0,0,1,0,0
189,189,0,1,1,1,1,0,0,1,1,1,1,0,0,1,0,0,0,1,0,0
190,190,0,1,1,1,1,0,0,1,1,1,1,0,0,1,0,0,0,1,0,0
191,191,0,1,1,1,1,0,0,1,1,1,1,0,0,1,0,0,0,1,0,0
192,192,0,1,1,1,1,0,0,1,1,1,1,0,0,1,0,0,0,1,0,0
193,193,0,1,1,1,1,0,0,1,1,1,1,0,0,1,0,0,0,1,0,0
194,194,0,1,1,1,1,0,0,1,1,1,1,0,0,1,0,0,0,1,0,0
195,195,0,1,1,1,1,0,0,1,1,1,1,0,0,1,0,0,0,1,0,0
196,196,0,1,1,1,1,0,0,1,1,1,1,0,0,1,0,0,0,1,0,0
197,197,0,1,1,1,1,0,0,1,1,1,1,0,0,1,0,0,0,1,0,0
198,198,0,1,1,1,1,0,0,1,1,1,1,0,0,1,0,0,0,1,0,0
199,199,0,1,1,1,1,0,0,1,1,1,1,0,0,1,0,0,0,1,0,0
200,200,0,1,1,1,1,0,0,1,1,1,1,0,0,1,0,0,0,1,0,0
201,201,0,1,1,1,1,0,0,1,1,1,1,0,0,1,0,0,0,1,0,0
202,202,0,1,1,1,1,0,0,1,1,1,1,0,0,1,0,0,0,1,0,0
203,203,0,1,1,1,1,0,0,1,1,1,1,0,0,1,0,0,0,1,0,0
204,204,0,1,1,1,1,0,0,1,1,1,1,0,0,1,0,0,0,1,0,0
205,205,0,1,1,1,1,0,0,1,1,1,1,0,0,1,0,0,0,1,0,0
206,206,0,1,1,1,1,0,0,1,1,1,1,0,0,1,0,0,0,1,0,0
207,207,0,1,1,1,1,0,0,1,1,1,1,0,0,1,0,0,0,1,0,0
208,208,0,1,1,1,1,0,0,1,1,1,1,0,0,1,0,0,0,1,0,0
209,209,0,1,1,1,1,0,0,1,1,1,1,0,0,1,0,0,0,1,0,0
210,210,0,1,1,1,1,0,0,1,1,1,1,0,0,1,0,0,0,1,0,0
211,211,0,1,1,1,1,0,0,1,1,1,1,0,0,1,0,0,0,1,0,0
212,212,0,1,1,1,1,0,0,1,1,1,1,0,0,1,0,0,0,1,0,0
213,213,0,1,1,1,1,0,0,1,1,1,1,0,0,1,0,0,0,1,0,0
214,214,0,1,1,1,1,0,0,1,1,1,1,0,0,1,0,0,0,1,0,0
215,215,0,1,1,1,1,0,0,1,1,1,1,0,0,1,0,0,0,1,0,0
216,216,0,1,1,1,1,0,0,1,1,1,1,0,0,1,0,0,0,1,0,0
217,217,0,1,1,1,1,0,0,1,1,1,1,0,0,1,0,0,0,1,0,0
218,218,0,1,1,1,1,0,0,1,1,1,1,0,0,1,0,0,0,1,0,0
219,219,0,1,1,1,1,0,0,1,1,1,1,0,0,1,0,0,0,1,0,0
220,220,0,1,1,1,1,0,0,1,1,1,1,0,0,1,0,0,0,1,0,0
221,221,0,1,1,1,1,0,0,1,1,1,1,0,0,1,0,0,0,1,0,0
222,222,0,1,1,1,1,0,0,1,1,1,1,0,0,1,0,0,0,1,0,0
223,223,0,1,1,1,1,0,0,1,1,1,1,0,0,1,0,0,0,1,0,0
224,224,0,1,1,1,1,0,0,1,1,1,1,0,0,1,0,0,0,1,0,0
225,225,0,1,1,1,1,0,0,1,1,1,1,0,0,1,0,0,0,1,0,0
226,226,0,1,1,1,1,0,0,1,1,1,1,0,0,1,0,0,0,1,0,0
227,227,0,1,1,1,1,0,0,1,1,1,1,0,0,1,0,0,0,1,0,0
228,228,0,1,1,1,1,0,0,1,1,1,1,0,0,1,0,0,0,1,0,0
229,229,0,1,1,1,1,0,0,1,1,1,1,0,0,1,0,0,0,1,0,0
230,230,0,1,1,1,1,0,0,1,1,1,1,0,0,1,0,0,0,1,0,0
231,231,0,1,1,1,1,0,0,1,1,1,1,0,0,1,0,0,0,1,0,0
232,232,0,1,1,1,1,0,0,1,1,1,1,0,0,1,0,0,0,1,0,0
233,233,0,1,1,1,1,0,0,1,1,1,1,0,0,1,0,0,0,1,0,0
234,234,0,1,1,1,1,0,0,1,1,1,1,0,0,1,0,0,0,1,0,0
235,235,0,1,1,1,1,0,0,1,1,1,1,0,0,1,0,0,0,1,0,0
236,236,0,1,1,1,1,0,0,1,1,1,1,0,0,1,0,0,0,1,0,0
237,237,0,1,1,1,1,0,0,1,1,1,1,0,0,1,0,0,0,1,0,0
238,238,0,1,1,1,1,0,0,1,1,1,1,0,0,1,0,0,0,1,0,0
239,239,0,1,1,1,1,0,0,1,1,1,1,0,0,1,0,0,0,1,0,0
240,240,0,1,1,1,1,0,0,1,1,1,1,0,0,1,0,0,0,1,0,0
241,241,0,1,1,1,1,0,0,1,1,1,1,0,0,1,0,0,0,1,0,0
242,242,0,1,1,1,1,0,0,1,1,1,1,0,0,1,0,0,0,1,0,0
243,243,0,1,1,1,1,0,0,1,1,1,1,0,0,1,0,0,0,1,0,0
244,244,0,1,1,1,1,0,0,1,1,1,1,0,0,1,0,0,0,1,0,0
245,245,0,1,1,1,1,0,0,1,1,1,1,0,0,1,0,0,0,1,0,0
246,246,0,1,1,1,1,0,0,1,1,1,1,0,0,1,0,0,0,1,0,0
247,247,0,1,1,1,1,0,0,1,1,1,1,0,0,1,0,0,0,1,0,0
248,248,0,1,1,1,1,0,0,1,1,1,1,0,0,1,0,0,0,1,0,0
249,249,0,1,1,1,1,0,0,1,1,1,1,0,0,1,0,0,0,1,0,0
250,250,0,1,1,1,1,0,0,1,1,1,1,0,0,1,0,0,0,1,0,0
251,251,0,1,1,1,1,0,0,1,1,1,1,0,0,1,0,0,0,1,0,0
252,252,0,1,1,1,1,0,0,1,1,1,1,0,0,1,0,0,0,1,0,0
253,253,0,1,1,1,1,0,0,1,1,1,1,0,0,1,0,0,0,1,0,0
254,254,0,1,1,1,1,0,0,1,1,1,1,0,0,1,0,0,0,1,0,0
255,255,0,1,1,1,1,0,0,1,1,1,1,0,0,1,0,0,0,1,0,0
256,0,0,1,1,1,1,1,1,1,1,1,1,1,1,1,1,1,1,1,1,0
257,1,0,1,1,1,1,1,1,1,1,1,1,1,1,1,1,1,1,1,1,0
258,2,0,1,1,1,1,1,1,1,1,1,1,1,1,1,1,1,1,1,1,0
259,3,0,1,1,1,1,1,1,1,1,1,1,1,1,1,1,1,1,1,1,0
260,4,0,1,1,1,1,1,1,1,1,1,1,1,1,1,1,1,1,1,1,0
261,5,0,1,1,1,1,1,1,1,1,1,1,1,1,1,1,1,1,1,1,0
262,6,0,1,1,1,1,1,1,1,1,1,1,1,1,1,1,1,1,1,1,0
263,7,0,1,1,1,1,1,1,1,1,1,1,1,1,1,1,1,1,1,1,0
264,8,0,1,1,1,1,1,1,1,1,1,1,1,1,1,1,1,1,1,1,0
265,9,0,1,1,1,1,1,1,1,1,1,1,1,1,1,1,1,1,1,1,0
266,10,0,1,1,1,1,1,1,1,1,1,1,1,1,1,1,1,1,1,1,0
267,11,0,1,1,1,1,1,1,1,1,1,1,1,1,1,1,1,1,1,1,0
268,12,0,1,1,1,1,1,1,1,1,1,1,1,1,1,1,1,1,1,1,0
269,13,0,1,1,1,1,1,1,1,1,1,1,1,1,1,1,1,1,1,1,0
270,14,0,1,1,1,1,1,1,1,1,1,1,1,1,1,1,1,1,1,1,0
271,15,0,1,1,1,1,1,1,1,1,1,1,1,1,1,1,1,1,1,1,0
272,16,0,1,1,1,1,1,1,1,1,1,1,1,1,1,1,1,1,1,1,0
273,17,0,1,1,1,1,1,1,1,1,1,1,1,1,1,1,1,1,1,1,0
274,18,0,1,1,1,1,1,1,1,1,1,1,1,1,1,1,1,1,1,1,0
275,19,0,1,1,1,1,1,1,1,1,1,1,1,1,1,1,1,1,1,1,0
276,20,0,1,1,1,1,1,1,1,1,1,1,1,1,1,1,1,1,1,1,0
277,21,0,1,1,1,1,1,1,1,1,1,1,1,1,1,1,1,1,1,1,0
278,22,0,1,1,1,1,1,1,1,1,1,1,1,1,1,1,1,1,1,1,0
279,23,0,1,1,1,1,1,1,1,1,1,1,1,1,1,1,1,1,1,1,0
280,24,0,1,1,1,1,1,1,1,1,1,1,1,1,1,1,1,1,1,1,0
281,25,0,1,1,1,1,1,1,1,1,1,1,1,1,1,1,1,1,1,1,0
282,26,0,1,1,1,1,1,1,1,1,1,1,1,1,1,1,1,1,1,1,0
283,27,0,1,1,1,1,1,1,1,1,1,1,1,1,1,1,1,1,1,1,0
284,28,0,1,1,1,1,1,1,1,1,1,1,1,1,1,1,1,1,1,1,0
285,29,0,1,1,1,1,1,1,1,1,1,1,1,1,1,1,1,1,1,1,0
286,30,0,1,1,1,1,1,1,1,1,1,1,1,1,1,1,1,1,1,1,0
287,31,0,1,1,1,1,1,1,1,1,1,1,1,1,1,1,1,1,1,1,0
288,32,0,1,1,1,1,1,1,1,1,1,1,1,1,1,1,1,1,1,1,0
289,33,0,1,1,1,1,1,1,1,1,1,1,1,1,1,1,1,1,1,1,0
290,34,0,1,1,1,1,1,1,1,1,1,1,1,1,1,1,1,1,1,1,0
291,35,0,1,1,1,1,1,1,1,1,1,1,1,1,1,1,1,1,1,1,0
292,36,0,1,1,1,1,1,1,1,1,1,1,1,1,1,1,1,1,1,1,0
293,37,0,1,1,1,1,1,1,1,1,1,1,1,1,1,1,1,1,1,1,0
294,38,0,1,1,1,1,1,1,1,1,1,1,1,1,1,1,1,1,1,1,0
295,39,0,1,1,1,1,1,1,1,1,1,1,1,1,1,1,1,1,1,1,0
296,40,0,1,1,1,1,1,1,1,1,1,1,1,1,1,1,1,1,1,1,0
297,41,0,1,1,1,1,1,1,1,1,1,1,1,1,1,1,1,1,1,1,0
298,42,0,1,1,1,1,1,1,1,1,1,1,1,1,1,1,1,1,1,1,0
299,43,0,1,1,1,1,1,1,1,1,1,1,1,1,1,1,1,1,1,1,0
300,44,0,1,1,1,1,1,1,1,1,1,1,1,1,1,1,1,1,1,1,0
301,45,0,1,1,1,1,1,1,1,1,1,1,1,1,1,1,1,1,1,1,0
302,46,0,1,1,1,1,1,1,1,1,1,1,1,1,1,1,1,1,1,1,0
303,47,0,1,1,1,1,1,1,1,1,1,1,1,1,1,1,1,1,1,1,0
304,48,0,1,1,1,1,1,1,1,1,1,1,1,1,1,1,1,1,1,1,0
305,49,0,1,1,1,1,1,1,1,1,1,1,1,1,1,1,1,1,1,1,0
306,50,0,1,1,1,1,1,1,1,1,1,1,1,1,1,1,1,1,1,1,0
307,51,0,1,1,1,1,1,1,1,1,1,1,1,1,1,1,1,1,1,1,0
308,52,0,1,1,1,1,1,1,1,1,1,1,1,1,1,1,1,1,1,1,0
309,53,0,1,1,1,1,1,1,1,1,1,1,1,1,1,1,1,1,1,1,0
310,54,0,1,1,1,1,1,1,1,1,1,1,1,1,1,1,1,1,1,1,0
311,55,0,1,1,1,1,1,1,1,1,1,1,1,1,1,1,1,1,1,1,0
312,56,0,1,1,1,1,1,1,1,1,1,1,1,1,1,1,1,1,1,1,0
313,57,0,1,1,1,1,1,1,1,1,1,1,1,1,1,1,1,1,1,1,0
314,58,0,1,1,1,1,1,1,1,1,1,1,1,1,1,1,1,1,1,1,0
315,59,0,1,1,1,1,1,1,1,1,1,1,1,1,1,1,1,1,1,1,0
316,60,0,1,1,1,1,1,1,1,1,1,1,1,1,1,1,1,1,1,1,0
317,61,0,1,1,1,1,1,1,1,1,1,1,1,1,1,1,1,1,1,1,0
318,62,0,1,1,1,1,1,1,1,1,1,1,1,1,1,1,1,1,1,1,0
319,63,1,1,1,1,1,1,1,1,1,1,1,1,1,1,1,1,1,1,0,0
320,64,0,1,1,1,1,1,1,1,1,0,1,1,1,1,0,0,0,1,0,0
321,65,0,1,1,1,1,1,1,1,1,1,1,1,1,0,0,0,0,1,0,0
322,66,0,1,1,1,1,1,1,1,1,1,1,1,1,1,0,0,0,1,0,0
323,67,0,1,1,1,1,1,1,1,1,1,1,0,1,1,0,0,0,1,0,0
324,68,0,1,1,1,1,1,0,1,1,1,1,0,0,1,0,0,0,1,0,0
325,69,0,1,1,1,1,1,1,1,1,1,1,0,1,1,0,0,0,1,0,0
326,70,0,1,1,1,1,1,0,1,1,1,1,0,1,1,0,0,0,1,0,0
327,71,0,1,1,1,1,1,1,1,1,1,1,0,1,1,0,0,0,1,0,0
328,72,0,1,1,1,1,1,0,1,1,1,1,0,0,1,0,0,0,1,0,0
329,73,0,1,1,1,1,1,1,1,1,1,1,0,0,1,0,0,0,1,0,0
330,74,0,1,1,1,1,1,0,1,1,1,1,0,0,1,0,0,0,1,0,0
331,75,0,1,1,1,1,1,1,1,1,1,1,0,0,1,0,0,0,1,0,0
332,76,0,1,1,1,1,1,0,1,1,1,1,0,0,1,0,0,0,1,0,0
333,77,0,1,1,1,1,0,0,1,1,1,1,0,0,1,0,0,0,1,0,0
334,78,0,1,1,1,1,1,0,1,1,1,1,0,0,1,0,0,0,1,0,0
335,79,0,1,1,1,1,1,0,1,1,1,1,0,0,1,0,0,0,1,0,0
336,80,0,1,1,1,1,0,0,1,1,1,1,0,0,1,0,0,0,1,0,0
337,81,0,1,1,1,1,1,0,1,1,1,1,0,0,1,0,0,0,1,0,0
338,82,0,1,1,1,1,1,0,1,1,1,1,0,0,1,0,0,0,1,0,0
339,83,0,1,1,1,1,0,0,1,1,1,1,0,0,1,0,0,0,1,0,0
340,84,0,1,1,1,1,1,0,1,1,1,1,0,0,1,0,0,0,1,0,0
341,85,0,1,1,1,1,1,0,1,1,1,1,0,0,1,0,0,0,1,0,0
342,86,0,1,1,1,1,0,0,1,1,1,1,0,0,1,0,0,0,1,0,0
343,87,0,1,1,1,1,0,0,1,1,1,1,0,0,1,0,0,0,1,0,0
344,88,0,1,1,1,1,0,0,1,1,1,1,0,0,1,0,0,0,1,0,0
345,89,0,1,1,1,1,0,0,1,1,1,1,0,0,1,0,0,0,1,0,0
346,90,0,1,1,1,1,0,0,1,1,1,1,0,0,1,0,0,0,1,0,0
347,91,0,1,1,1,1,0,0,1,1,1,1,0,0,1,0,0,0,1,0,0
348,92,0,1,1,1,1,0,0,1,1,1,1,0,0,1,0,0,0,1,0,0
349,93,0,1,1,1,1,0,0,1,1,1,1,0,0,1,0,0,0,1,0,0
350,94,0,1,1,1,1,0,0,1,1,1,1,0,0,1,0,0,0,1,0,0
351,95,0,1,1,1,1,0,0,1,1,1,1,0,0,1,0,0,0,1,0,0
352,96,0,1,1,1,1,0,0,1,1,1,1,0,0,1,0,0,0,1,0,0
353,97,0,1,1,1,1,0,0,1,1,1,1,0,0,1,0,0,0,1,0,0
354,98,0,1,1,1,1,0,0,1,1,1,1,0,0,1,0,0,0,1,0,0
355,99,0,1,1,1,1,0,0,1,1,1,1,0,0,1,0,0,0,1,0,0
356,100,0,1,1,1,1,0,0,1,1,1,1,0,0,1,0,0,0,1,0,0
357,101,0,1,1,1,1,0,0,1,1,1,1,0,0,1,0,0,0,1,0,0
358,102,0,1,1,1,1,0,0,1,1,1,1,0,0,1,0,0,0,1,0,0
359,103,0,1,1,1,1,0,0,1,1,1,1,0,0,1,0,0,0,1,0,0
360,104,0,1,1,1,1,0,0,1,1,1,1,0,0,1,0,0,0,1,0,0
361,105,0,1,1,1,1,0,0,1,1,1,1,0,0,1,0,0,0,1,0,0
362,106,0,1,1,1,1,0,0,1,1,1,1,0,0,1,0,0,0,1,0,0
363,107,0,1,1,1,1,0,0,1,1,1,1,0,0,1,0,0,0,1,0,0
364,108,0,1,1,1,1,0,0,1,1,1,1,0,0,1,0,0,0,1,0,0
365,109,0,1,1,1,1,0,0,1,1,1,1,0,0,1,0,0,0,1,0,0
366,110,0,1,1,1,1,0,0,1,1,1,1,0,0,1,0,0,0,1,0,0
367,111,0,1,1,1,1,0,0,1,1,1,1,0,0,1,0,0,0,1,0,0
368,112,0,1,1,1,1,0,0,1,1,1,1,0,0,1,0,0,0,1,0,0
369,113,0,1,1,1,1,0,0,1,1,1,1,0,0,1,0,0,0,1,0,0
370,114,0,1,1,1,1,0,0,1,1,1,1,0,0,1,0,0,0,1,0,0
371,115,0,1,1,1,1,0,0,1,1,1,1,0,0,1,0,0,0,1,0,0
372,116,0,1,1,1,1,0,0,1,1,1,1,0,0,1,0,0,0,1,0,0
373,117,0,1,1,1,1,0,0,1,1,1,1,0,0,1,0,0,0,1,0,0
374,118,0,1,1,1,1,0,0,1,1,1,1,0,0,1,0,0,0,1,0,0
375,119,0,1,1,1,1,0,0,1,1,1,1,0,0,1,0,0,0,1,0,0
376,120,0,1,1,1,1,0,0,1,1,1,1,0,0,1,0,0,0,1,0,0
377,121,0,1,1,1,1,0,0,1,1,1,1,0,0,1,0,0,0,1,0,0
378,122,0,1,1,1,1,0,0,1,1,1,1,0,0,1,0,0,0,1,0,0
379,123,0,1,1,1,1,0,0,1,1,1,1,0,0,1,0,0,0,1,0,0
380,124,0,1,1,1,1,0,0,1,1,1,1,0,0,1,0,0,0,1,0,0
381,125,0,1,1,1,1,0,0,1,1,1,1,0,0,1,0,0,0,1,0,0
382,126,0,1,1,1,1,0,0,1,1,1,1,0,0,1,0,0,0,1,0,0
383,127,0,1,1,1,1,0,0,1,1,1,1,0,0,1,0,0,0,1,0,0
384,128,0,1,1,1,1,0,0,1,1,1,1,0,0,1,0,0,0,1,0,0
385,129,0,1,1,1,1,0,0,1,1,1,1,0,0,1,0,0,0,1,0,0
386,130,0,1,1,1,1,0,0,1,1,1,1,0,0,1,0,0,0,1,0,0
387,131,0,1,1,1,1,0,0,1,1,1,1,0,0,1,0,0,0,1,0,0
388,132,0,1,1,1,1,0,0,1,1,1,1,0,0,1,0,0,0,1,0,0
389,133,0,1,1,1,1,0,0,1,1,1,1,0,0,1,0,0,0,1,0,0
390,134,0,1,1,1,1,0,0,1,1,1,1,0,0,1,0,0,0,1,0,0
391,135,0,1,1,1,1,0,0,1,1,1,1,0,0,1,0,0,0,1,0,0
392,136,0,1,1,1,1,0,0,1,1,1,1,0,0,1,0,0,0,1,0,0
393,137,0,1,1,1,1,0,0,1,1,1,1,0,0,1,0,0,0,1,0,0
394,138,0,1,1,1,1,0,0,1,1,1,1,0,0,1,0,0,0,1,0,0
395,139,0,1,1,1,1,0,0,1,1,1,1,0,0,1,0,0,0,1,0,0
396,140,0,1,1,1,1,0,0,1,1,1,1,0,0,1,0,0,0,1,0,0
397,141,0,1,1,1,1,0,0,1,1,1,1,0,0,1,0,0,0,1,0,0
398,142,0,1,1,1,1,0,0,1,1,1,1,0,0,1,0,0,0,1,0,0
399,143,0,1,1,1,1,0,0,1,1,1,1,0,0,1,0,0,0,1,0,0
400,144,0,1,1,1,1,0,0,1,1,1,1,0,0,1,0,0,0,1,0,0
401,145,0,1,1,1,1,0,0,1,1,1,1,0,0,1,0,0,0,1,0,0
402,146,0,1,1,1,1,0,0,1,1,1,1,0,0,1,0,0,0,1,0,0
403,147,0,1,1,1,1,0,0,1,1,1,1,0,0,1,0,0,0,1,0,0
404,148,0,1,1,1,1,0,0,1,1,1,1,0,0,1,0,0,0,1,0,0
405,149,0,1,1,1,1,0,0,1,1,1,1,0,0,1,0,0,0,1,0,0
406,150,0,1,1,1,1,0,0,1,1,1,1,0,0,1,0,0,0,1,0,0
407,151,0,1,1,1,1,0,0,1,1,1,1,0,0,1,0,0,0,1,0,0
408,152,0,1,1,1,1,0,0,1,1,1,1,0,0,1,0,0,0,1,0,0
409,153,0,1,1,1,1,0,0,1,1,1,1,0,0,1,0,0,0,1,0,0
410,154,0,1,1,1,1,0,0,1,1,1,1,0,0,1,0,0,0,1,0,0
411,155,0,1,1,1,1,0,0,1,1,1,1,0,0,1,0,0,0,1,0,0
412,156,0,1,1,1,1,0,0,1,1,1,1,0,0,1,0,0,0,1,0,0
413,157,0,1,1,1,1,0,0,1,1,1,1,0,0,1,0,0,0,1,0,0
414,158,0,1,1,1,1,0,0,1,1,1,1,0,0,1,0,0,0,1,0,0
415,159,0,1,1,1,1,0,0,1,1,1,1,0,0,1,0,0,0,1,0,0
416,160,0,1,1,1,1,0,0,1,1,1,1,0,0,1,0,0,0,1,0,0
417,161,0,1,1,1,1,0,0,1,1,1,1,0,0,1,0,0,0,1,0,0
418,162,0,1,1,1,1,0,0,1,1,1,1,0,0,1,0,0,0,1,0,0
419,163,0,1,1,1,1,0,0,1,1,1,1,0,0,1,0,0,0,1,0,0
420,164,0,1,1,1,1,0,0,1,1,1,1,0,0,1,0,0,0,1,0,0
421,165,0,1,1,1,1,0,0,1,1,1,1,0,0,1,0,0,0,1,0,0
422,166,0,1,1,1,1,0,0,1,1,1,1,0,0,1,0,0,0,1,0,0
423,167,0,1,1,1,1,0,0,1,1,1,1,0,0,1,0,0,0,1,0,0
424,168,0,1,1,1,1,0,0,1,1,1,1,0,0,1,0,0,0,1,0,0
425,169,0,1,1,1,1,0,0,1,1,1,1,0,0,1,0,0,0,1,0,0
426,170,0,1,1,1,1,0,0,1,1,1,1,0,0,1,0,0,0,1,0,0
427,171,0,1,1,1,1,0,0,1,1,1,1,0,0,1,0,0,0,1,0,0
428,172,0,1,1,1,1,0,0,1,1,1,1,0,0,1,0,0,0,1,0,0
429,173,0,1,1,1,1,0,0,1,1,1,1,0,0,1,0,0,0,1,0,0
430,174,0,1,1,1,1,0,0,1,1,1,1,0,0,1,0,0,0,1,0,0
431,175,0,1,1,1,1,0,0,1,1,1,1,0,0,1,0,0,0,1,0,0
432,176,0,1,1,1,1,0,0,1,1,1,1,0,0,1,0,0,0,1,0,0
433,177,0,1,1,1,1,0,0,1,1,1,1,0,0,1,0,0,0,1,0,0
434,178,0,1,1,1,1,0,0,1,1,1,1,0,0,1,0,0,0,1,0,0
435,179,0,1,1,1,1,0,0,1,1,1,1,0,0,1,0,0,0,1,0,0
436,180,0,1,1,1,1,0,0,1,1,1,1,0,0,1,0,0,0,1,0,0
437,181,0,1,1,1,1,0,0,1,1,1,1,0,0,1,0,0,0,1,0,0
438,182,0,1,1,1,1,0,0,1,1,1,1,0,0,1,0,0,0,1,0,0
439,183,0,1,1,1,1,0,0,1,1,1,1,0,0,1,0,0,0,1,0,0
440,184,0,1,1,1,1,0,0,1,1,1,1,0,0,1,0,0,0,1,0,0
441,185,0,1,1,1,1,0,0,1,1,1,1,0,0,1,0,0,0,1,0,0
442,186,0,1,1,1,1,0,0,1,1,1,1,0,0,1,0,0,0,1,0,0
443,187,0,1,1,1,1,0,0,1,1,1,1,0,0,1,0,0,0,1,0,0
444,188,0,1,1,1,1,0,0,1,1,1,1,0,0,1,0,0,0,1,0,0
445,189,0,1,1,1,1,0,0,1,1,1,1,0,0,1,0,0,0,1,0,0
446,190,0,1,1,1,1,0,0,1,1,1,1,0,0,1,0,0,0,1,0,0
447,191,0,1,1,1,1,0,0,1,1,1,1,0,0,1,0,0,0,1,0,0
448,192,0,1,1,1,1,0,0,1,1,1,1,0,0,1,0,0,0,1,0,0
449,193,0,1,1,1,1,0,0,1,1,1,1,0,0,1,0,0,0,1,0,0
450,194,0,1,1,1,1,0,0,1,1,1,1,0,0,1,0,0,0,1,0,0
451,195,0,1,1,1,1,0,0,1,1,1,1,0,0,1,0,0,0,1,0,0
452,196,0,1,1,1,1,0,0,1,1,1,1,0,0,1,0,0,0,1,0,0
453,197,0,1,1,1,1,0,0,1,1,1,1,0,0,1,0,0,0,1,0,0
454,198,0,1,1,1,1,0,0,1,1,1,1,0,0,1,0,0,0,1,0,0
455,199,0,1,1,1,1,0,0,1,1,1,1,0,0,1,0,0,0,1,0,0
456,200,0,1,1,1,1,0,0,1,1,1,1,0,0,1,0,0,0,1,0,0
457,201,0,1,1,1,1,0,0,1,1,1,1,0,0,1,0,0,0,1,0,0
458,202,0,1,1,1,1,0,0,1,1,1,1,0,0,1,0,0,0,1,0,0
459,203,0,1,1,1,1,0,0,1,1,1,1,0,0,1,0,0,0,1,0,0
460,204,0,1,1,1,1,0,0,1,1,1,1,0,0,1,0,0,0,1,0,0
461,205,0,1,1,1,1,0,0,1,1,1,1,0,0,1,0,0,0,1,0,0
462,206,0,1,1,1,1,0,0,1,1,1,1,0,0,1,0,0,0,1,0,0
463,207,0,1,1,1,1,0,0,1,1,1,1,0,0,1,0,0,0,1,0,0
464,208,0,1,1,1,1,0,0,1,1,1,1,0,0,1,0,0,0,1,0,0
465,209,0,1,1,1,1,0,0,1,1,1,1,0,0,1,0,0,0,1,0,0
466,210,0,1,1,1,1,0,0,1,1,1,1,0,0,1,0,0,0,1,0,0
467,211,0,1,1,1,1,0,0,1,1,1,1,0,0,1,0,0,0,1,0,0
468,212,0,1,1,1,1,0,0,1,1,1,1,0,0,1,0,0,0,1,0,0
469,213,0,1,1,1,1,0,0,1,1,1,1,0,0,1,0,0,0,1,0,0
470,214,0,1,1,1,1,0,0,1,1,1,1,0,0,1,0,0,0,1,0,0
471,215,0,1,1,1,1,0,0,1,1,1,1,0,0,1,0,0,0,1,0,0
472,216,0,1,1,1,1,0,0,1,1,1,1,0,0,1,0,0,0,1,0,0
473,217,0,1,1,1,1,0,0,1,1,1,1,0,0,1,0,0,0,1,0,0
474,218,0,1,1,1,1,0,0,1,1,1,1,0,0,1,0,0,0,1,0,0
475,219,0,1,1,1,1,0,0,1,1,1,1,0,0,1,0,0,0,1,0,0
476,220,0,1,1,1,1,0,0,1,1,1,1,0,0,1,0,0,0,1,0,0
477,221,0,1,1,1,1,0,0,1,1,1,1,0,0,1,0,0,0,1,0,0
478,222,0,1,1,1,1,0,0,1,1,1,1,0,0,1,0,0,0,1,0,0
479,223,0,1,1,1,1,0,0,1,1,1,1,0,0,1,0,0,0,1,0,0
480,224,0,1,1,1,1,0,0,1,1,1,1,0,0,1,0,0,0,1,0,0
481,225,0,1,1,1,1,0,0,1,1,1,1,0,0,1,0,0,0,1,0,0
482,226,0,1,1,1,1,0,0,1,1,1,1,0,0,1,0,0,0,1,0,0
483,227,0,1,1,1,1,0,0,1,1,1,1,0,0,1,0,0,0,1,0,0
484,228,0,1,1,1,1,0,0,1,1,1,1,0,0,1,0,0,0,1,0,0
485,229,0,1,1,1,1,0,0,1,1,1,1,0,0,1,0,0,0,1,0,0
486,230,0,1,1,1,1,0,0,1,1,1,1,0,0,1,0,0,0,1,0,0
487,231,0,1,1,1,1,0,0,1,1,1,1,0,0,1,0,0,0,1,0,0
488,232,0,1,1,1,1,0,0,1,1,1,1,0,0,1,0,0,0,1,0,0
489,233,0,1,1,1,1,0,0,1,1,1,1,0,0,1,0,0,0,1,0,0
490,234,0,1,1,1,1,0,0,1,1,1,1,0,0,1,0,0,0,1,0,0
491,235,0,1,1,1,1,0,0,1,1,1,1,0,0,1,0,0,0,1,0,0
492,236,0,1,1,1,1,0,0,1,1,1,1,0,0,1,0,0,0,1,0,0
493,237,0,1,1,1,1,0,0,1,1,1,1,0,0,1,0,0,0,1,0,0
494,238,0,1,1,1,1,0,0,1,1,1,1,0,0,1,0,0,0,1,0,0
495,239,0,1,1,1,1,0,0,1,1,1,1,0,0,1,0,0,0,1,0,0
496,240,0,1,1,1,1,0,0,1,1,1,1,0,0,1,0,0,0,1,0,0
497,241,0,1,1,1,1,0,0,1,1,1,1,0,0,1,0,0,0,1,0,0
498,242,0,1,1,1,1,0,0,1,1,1,1,0,0,1,0,0,0,1,0,0
499,243,0,1,1,1,1,0,0,1,1,1,1,0,0,1,0,0,0,1,0,0
500,244,0,1,1,1,1,0,0,1,1,1,1,0,0,1,0,0,0,1,0,0
501,245,0,1,1,1,1,0,0,1,1,1,1,0,0,1,0,0,0,1,0,0
502,246,0,1,1,1,1,0,0,1,1,1,1,0,0,1,0,0,0,1,0,0
503,247,0,1,1,1,1,0,0,1,1,1,1,0,0,1,0,0,0,1,0,0
504,248,0,1,1,1,1,0,0,1,1,1,1,0,0,1,0,0,0,1,0,0
505,249,0,1,1,1,1,0,0,1,1,1,1,0,0,1,0,0,0,1,0,0
506,250,0,1,1,1,1,0,0,1,1,1,1,0,0,1,0,0,0,1,0,0
507,251,0,1,1,1,1,0,0,1,1,1,1,0,0,1,0,0,0,1,0,0
508,252,0,1,1,1,1,0,0,1,1,1,1,0,0,1,0,0,0,1,0,0
509,253,0,1,1,1,1,0,0,1,1,1,1,0,0,1,0,0,0,1,0,0
510,254,0,1,1,1,1,0,0,1,1,1,1,0,0,1,0,0,0,1,0,0
511,255,0,1,1,1,1,0,0,1,1,1,1,0,0,1,0,0,0,1,0,0
512,0,0,1,1,1,1,1,1,1,1,1,1,1,1,1,1,1,1,1,1,0
513,1,0,1,1,1,1,1,1,1,1,1,1,1,1,1,1,1,1,1,1,0
514,2,0,1,1,1,1,1,1,1,1,1,1,1,1,1,1,1,1,1,1,0
515,3,0,1,1,1,1,1,1,1,1,1,1,1,1,1,1,1,1,1,1,0
516,4,0,1,1,1,1,1,1,1,1,1,1,1,1,1,1,1,1,1,1,0
517,5,0,1,1,1,1,1,1,1,1,1,1,1,1,1,1,1,1,1,1,0
518,6,0,1,1,1,1,1,1,1,1,1,1,1,1,1,1,1,1,1,1,0
519,7,0,1,1,1,1,1,1,1,1,1,1,1,1,1,1,1,1,1,1,0
520,8,0,1,1,1,1,1,1,1,1,1,1,1,1,1,1,1,1,1,1,0
521,9,0,1,1,1,1,1,1,1,1,1,1,1,1,1,1,1,1,1,1,0
522,10,0,1,1,1,1,1,1,1,1,1,1,1,1,1,1,1,1,1,1,0
523,11,0,1,1,1,1,1,1,1,1,1,1,1,1,1,1,1,1,1,1,0
524,12,0,1,1,1,1,1,1,1,1,1,1,1,1,1,1,1,1,1,1,0
525,13,0,1,1,1,1,1,1,1,1,1,1,1,1,1,1,1,1,1,1,0
526,14,0,1,1,1,1,1,1,1,1,1,1,1,1,1,1,1,1,1,1,0
527,15,0,1,1,1,1,1,1,1,1,1,1,1,1,1,1,1,1,1,1,0
528,16,0,1,1,1,1,1,1,1,1,1,1,1,1,1,1,1,1,1,1,0
529,17,0,1,1,1,1,1,1,1,1,1,1,1,1,1,1,1,1,1,1,0
530,18,0,1,1,1,1,1,1,1,1,1,1,1,1,1,1,1,1,1,1,0
531,19,0,1,1,1,1,1,1,1,1,1,1,1,1,1,1,1,1,1,1,0
532,20,0,1,1,1,1,1,1,1,1,1,1,1,1,1,1,1,1,1,1,0
533,21,0,1,1,1,1,1,1,1,1,1,1,1,1,1,1,1,1,1,1,0
534,22,0,1,1,1,1,1,1,1,1,1,1,1,1,1,1,1,1,1,1,0
535,23,0,1,1,1,1,1,1,1,1,1,1,1,1,1,1,1,1,1,1,0
536,24,0,1,1,1,1,1,1,1,1,1,1,1,1,1,1,1,1,1,1,0
537,25,0,1,1,1,1,1,1,1,1,1,1,1,1,1,1,1,1,1,1,0
538,26,0,1,1,1,1,1,1,1,1,1,1,1,1,1,1,1,1,1,1,0
539,27,0,1,1,1,1,1,1,1,1,1,1,1,1,1,1,1,1,1,1,0
540,28,0,1,1,1,1,1,1,1,1,1,1,1,1,1,1,1,1,1,1,0
541,29,0,1,1,1,1,1,1,1,1,1,1,1,1,1,1,1,1,1,1,0
542,30,0,1,1,1,1,1,1,1,1,1,1,1,1,1,1,1,1,1,1,0
543,31,0,1,1,1,1,1,1,1,1,1,1,1,1,1,1,1,1,1,1,0
544,32,0,1,1,1,1,1,1,1,1,1,1,1,1,1,1,1,1,1,1,0
545,33,0,1,1,1,1,1,1,1,1,1,1,1,1,1,1,1,1,1,1,0
546,34,0,1,1,1,1,1,1,1,1,1,1,1,1,1,1,1,1,1,1,0
547,35,0,1,1,1,1,1,1,1,1,1,1,1,1,1,1,1,1,1,1,0
548,36,0,1,1,1,1,1,1,1,1,1,1,1,1,1,1,1,1,1,1,0
549,37,0,1,1,1,1,1,1,1,1,1,1,1,1,1,1,1,1,1,1,0
550,38,0,1,1,1,1,1,1,1,1,1,1,1,1,1,1,1,1,1,1,0
551,39,0,1,1,1,1,1,1,1,1,1,1,1,1,1,1,1,1,1,1,0
552,40,0,1,1,1,1,1,1,1,1,1,1,1,1,1,1,1,1,1,1,0
553,41,0,1,1,1,1,1,1,1,1,1,1,1,1,1,1,1,1,1,1,0
554,42,0,1,1,1,1,1,1,1,1,1,1,1,1,1,1,1,1,1,1,0
555,43,0,1,1,1,1,1,1,1,1,1,1,1,1,1,1,1,1,1,1,0
556,44,0,1,1,1,1,1,1,1,1,1,1,1,1,1,1,1,1,1,1,0
557,45,0,1,1,1,1,1,1,1,1,1,1,1,1,1,1,1,1,1,1,0
558,46,0,1,1,1,1,1,1,1,1,1,1,1,1,1,1,1,1,1,1,0
559,47,0,1,1,1,1,1,1,1,1,1,1,1,1,1,1,1,1,1,1,0
560,48,0,1,1,1,1,1,1,1,1,1,1,1,1,1,1,1,1,1,1,0
561,49,0,1,1,1,1,1,1,1,1,1,1,1,1,1,1,1,1,1,1,0
562,50,0,1,1,1,1,1,1,1,1,1,1,1,1,1,1,1,1,1,1,0
563,51,0,1,1,1,1,1,1,1,1,1,1,1,1,1,1,1,1,1,1,0
564,52,0,1,1,1,1,1,1,1,1,1,1,1,1,1,1,1,1,1,1,0
565,53,0,1,1,1,1,1,1,1,1,1,1,1,1,1,1,1,1,1,1,0
566,54,0,1,1,1,1,1,1,1,1,1,1,1,1,1,1,1,1,1,1,0
567,55,0,1,1,1,1,1,1,1,1,1,1,1,1,1,1,1,1,1,1,0
568,56,0,1,1,1,1,1,1,1,1,1,1,1,1,1,1,1,1,1,1,0
569,57,0,1,1,1,1,1,1,1,1,1,1,1,1,1,1,1,1,1,1,0
570,58,0,1,1,1,1,1,1,1,1,1,1,1,1,1,1,1,1,1,1,0
571,59,0,1,1,1,1,1,1,1,1,1,1,1,1,1,1,1,1,1,1,0
572,60,0,1,1,1,1,1,1,1,1,1,1,1,1,1,1,1,1,1,1,0
573,61,0,1,1,1,1,1,1,1,1,1,1,1,1,1,1,1,1,1,1,0
574,62,0,1,1,1,1,1,1,1,1,1,1,1,1,1,1,1,1,1,1,0
575,63,1,1,1,1,1,1,1,1,1,1,1,1,1,1,1,1,1,1,0,0
576,64,0,1,1,0,1,1,1,1,1,1,1,1,1,0,0,0,1,1,0,0
577,65,0,1,1,1,1,1,1,1,1,1,1,1,1,0,0,0,1,1,0,0
578,66,0,1,1,1,1,1,1,1,1,1,1,0,1,1,0,0,0,1,0,0
579,67,0,1,1,1,1,1,1,1,1,0,1,0,0,1,0,0,0,1,0,0
580,68,0,1,1,1,1,1,1,1,1,1,1,0,1,1,0,0,0,1,0,0
581,69,0,1,1,1,1,1,1,1,1,1,1,0,1,1,0,0,0,1,0,0
582,70,0,1,1,1,1,1,1,1,1,1,1,0,1,1,0,0,0,1,0,0
583,71,0,1,1,1,1,1,0,1,1,1,1,0,1,1,0,0,0,1,0,0
584,72,0,1,1,1,1,1,1,1,1,1,1,0,0,1,0,0,0,1,0,0
585,73,0,1,1,1,1,1,0,1,1,1,1,0,0,1,0,0,0,1,0,0
586,74,0,1,1,1,1,1,1,1,1,1,1,0,0,1,0,0,0,1,0,0
587,75,0,1,1,1,1,1,0,1,1,1,1,0,0,1,0,0,0,1,0,0
588,76,0,1,1,1,1,1,0,1,1,1,1,0,0,1,0,0,0,1,0,0
589,77,0,1,1,1,1,1,0,1,1,1,1,0,0,1,0,0,0,1,0,0
590,78,0,1,1,1,1,1,0,1,1,1,1,0,0,1,0,0,0,1,0,0
591,79,0,1,1,1,1,1,0,1,1,1,1,0,0,1,0,0,0,1,0,0
592,80,0,1,1,1,1,1,0,1,1,1,1,0,0,1,0,0,0,1,0,0
593,81,0,1,1,1,1,1,0,1,1,1,1,0,0,1,0,0,0,1,0,0
594,82,0,1,1,1,1,1,0,1,1,1,1,0,0,1,0,0,0,1,0,0
595,83,0,1,1,1,1,1,0,1,1,1,1,0,0,1,0,0,0,1,0,0
596,84,0,1,1,1,1,1,0,1,1,1,1,0,0,1,0,0,0,1,0,0
597,85,0,1,1,1,1,1,0,1,1,1,1,0,0,1,0,0,0,1,0,0
598,86,0,1,1,1,1,1,0,1,1,1,1,0,0,1,0,0,0,1,0,0
599,87,0,1,1,1,1,1,0,1,1,1,1,0,0,1,0,0,0,1,0,0
600,88,0,1,1,1,1,1,0,1,1,1,1,0,0,1,0,0,0,1,0,0
601,89,0,1,1,1,1,1,0,1,1,1,1,0,0,1,0,0,0,1,0,0
602,90,0,1,1,1,1,1,0,1,1,1,1,0,0,1,0,0,0,1,0,0
603,91,0,1,1,1,1,1,0,1,1,1,1,0,0,1,0,0,0,1,0,0
604,92,0,1,1,1,1,1,0,1,1,1,1,0,0,1,0,0,0,1,0,0
605,93,0,1,1,1,1,1,0,1,1,1,1,0,0,1,0,0,0,1,0,0
606,94,0,1,1,1,1,1,0,1,1,1,1,0,0,1,0,0,0,1,0,0
607,95,0,1,1,1,1,1,0,1,1,1,1,0,0,1,0,0,0,1,0,0
608,96,0,1,1,1,1,1,0,1,1,1,1,0,0,1,0,0,0,1,0,0
609,97,0,1,1,1,1,1,0,1,1,1,1,0,0,1,0,0,0,1,0,0
610,98,0,1,1,1,1,1,0,1,1,1,1,0,0,1,0,0,0,1,0,0
611,99,0,1,1,1,1,1,0,1,1,1,1,0,0,1,0,0,0,1,0,0
612,100,0,1,1,1,1,1,0,1,1,1,1,0,0,1,0,0,0,1,0,0
613,101,0,1,1,1,1,1,0,1,1,1,1,0,0,1,0,0,0,1,0,0
614,102,0,1,1,1,1,1,0,1,1,1,1,0,0,1,0,0,0,1,0,0
615,103,0,1,1,1,1,1,0,1,1,1,1,0,0,1,0,0,0,1,0,0
616,104,0,1,1,1,1,1,0,1,1,1,1,0,0,1,0,0,0,1,0,0
617,105,0,1,1,1,1,0,0,1,1,1,1,0,0,1,0,0,0,1,0,0
618,106,0,1,1,1,1,1,0,1,1,1,1,0,0,1,0,0,0,1,0,0
619,107,0,1,1,1,1,1,0,1,1,1,1,0,0,1,0,0,0,1,0,0
620,108,0,1,1,1,1,0,0,1,1,1,1,0,0,1,0,0,0,1,0,0
621,109,0,1,1,1,1,1,0,1,1,1,1,0,0,1,0,0,0,1,0,0
622,110,0,1,1,1,1,1,0,1,1,1,1,0,0,1,0,0,0,1,0,0
623,111,0,1,1,1,1,0,0,1,1,1,1,0,0,1,0,0,0,1,0,0
624,112,0,1,1,1,1,1,0,1,1,1,1,0,0,1,0,0,0,1,0,0
625,113,0,1,1,1,1,1,0,1,1,1,1,0,0,1,0,0,0,1,0,0
626,114,0,1,1,1,1,0,0,1,1,1,1,0,0,1,0,0,0,1,0,0
627,115,0,1,1,1,1,1,0,1,1,1,1,0,0,1,0,0,0,1,0,0
628,116,0,1,1,1,1,1,0,1,1,1,1,0,0,1,0,0,0,1,0,0
629,117,0,1,1,1,1,0,0,1,1,1,1,0,0,1,0,0,0,1,0,0
630,118,0,1,1,1,1,1,0,1,1,1,1,0,0,1,0,0,0,1,0,0
631,119,0,1,1,1,1,1,0,1,1,1,1,0,0,1,0,0,0,1,0,0
632,120,0,1,1,1,1,0,0,1,1,1,1,0,0,1,0,0,0,1,0,0
633,121,0,1,1,1,1,0,0,1,1,1,1,0,0,1,0,0,0,1,0,0
634,122,0,1,1,1,1,0,0,1,1,1,1,0,0,1,0,0,0,1,0,0
635,123,0,1,1,1,1,0,0,1,1,1,1,0,0,1,0,0,0,1,0,0
636,124,0,1,1,1,1,0,0,1,1,1,1,0,0,1,0,0,0,1,0,0
637,125,0,1,1,1,1,0,0,1,1,1,1,0,0,1,0,0,0,1,0,0
638,126,0,1,1,1,1,0,0,1,1,1,1,0,0,1,0,0,0,1,0,0
639,127,0,1,1,1,1,0,0,1,1,1,1,0,0,1,0,0,0,1,0,0
640,128,0,1,1,1,1,0,0,1,1,1,1,0,0,1,0,0,0,1,0,0
641,129,0,1,1,1,1,0,0,1,1,1,1,0,0,1,0,0,0,1,0,0
642,130,0,1,1,1,1,0,0,1,1,1,1,0,0,1,0,0,0,1,0,0
643,131,0,1,1,1,1,0,0,1,1,1,1,0,0,1,0,0,0,1,0,0
644,132,0,1,1,1,1,0,0,1,1,1,1,0,0,1,0,0,0,1,0,0
645,133,0,1,1,1,1,0,0,1,1,1,1,0,0,1,0,0,0,1,0,0
646,134,0,1,1,1,1,0,0,1,1,1,1,0,0,1,0,0,0,1,0,0
647,135,0,1,1,1,1,0,0,1,1,1,1,0,0,1,0,0,0,1,0,0
648,136,0,1,1,1,1,0,0,1,1,1,1,0,0,1,0,0,0,1,0,0
649,137,0,1,1,1,1,0,0,1,1,1,1,0,0,1,0,0,0,1,0,0
650,138,0,1,1,1,1,0,0,1,1,1,1,0,0,1,0,0,0,1,0,0
651,139,0,1,1,1,1,0,0,1,1,1,1,0,0,1,0,0,0,1,0,0
652,140,0,1,1,1,1,0,0,1,1,1,1,0,0,1,0,0,0,1,0,0
653,141,0,1,1,1,1,0,0,1,1,1,1,0,0,1,0,0,0,1,0,0
654,142,0,1,1,1,1,0,0,1,1,1,1,0,0,1,0,0,0,1,0,0
655,143,0,1,1,1,1,0,0,1,1,1,1,0,0,1,0,0,0,1,0,0
656,144,0,1,1,1,1,0,0,1,1,1,1,0,0,1,0,0,0,1,0,0
657,145,0,1,1,1,1,0,0,1,1,1,1,0,0,1,0,0,0,1,0,0
658,146,0,1,1,1,1,0,0,1,1,1,1,0,0,1,0,0,0,1,0,0
659,147,0,1,1,1,1,0,0,1,1,1,1,0,0,1,0,0,0,1,0,0
660,148,0,1,1,1,1,0,0,1,1,1,1,0,0,1,0,0,0,1,0,0
661,149,0,1,1,1,1,0,0,1,1,1,1,0,0,1,0,0,0,1,0,0
662,150,0,1,1,1,1,0,0,1,1,1,1,0,0,1,0,0,0,1,0,0
663,151,0,1,1,1,1,0,0,1,1,1,1,0,0,1,0,0,0,1,0,0
664,152,0,1,1,1,1,0,0,1,1,1,1,0,0,1,0,0,0,1,0,0
665,153,0,1,1,1,1,0,0,1,1,1,1,0,0,1,0,0,0,1,0,0
666,154,0,1,1,1,1,0,0,1,1,1,1,0,0,1,0,0,0,1,0,0
667,155,0,1,1,1,1,0,0,1,1,1,1,0,0,1,0,0,0,1,0,0
668,156,0,1,1,1,1,0,0,1,1,1,1,0,0,1,0,0,0,1,0,0
669,157,0,1,1,1,1,0,0,1,1,1,1,0,0,1,0,0,0,1,0,0
670,158,0,1,1,1,1,0,0,1,1,1,1,0,0,1,0,0,0,1,0,0
671,159,0,1,1,1,1,0,0,1,1,1,1,0,0,1,0,0,0,1,0,0
672,160,0,1,1,1,1,0,0,1,1,1,1,0,0,1,0,0,0,1,0,0
673,161,0,1,1,1,1,0,0,1,1,1,1,0,0,1,0,0,0,1,0,0
674,162,0,1,1,1,1,0,0,1,1,1,1,0,0,1,0,0,0,1,0,0
675,163,0,1,1,1,1,0,0,1,1,1,1,0,0,1,0,0,0,1,0,0
676,164,0,1,1,1,1,0,0,1,1,1,1,0,0,1,0,0,0,1,0,0
677,165,0,1,1,1,1,0,0,1,1,1,1,0,0,1,0,0,0,1,0,0
678,166,0,1,1,1,1,0,0,1,1,1,1,0,0,1,0,0,0,1,0,0
679,167,0,1,1,1,1,0,0,1,1,1,1,0,0,1,0,0,0,1,0,0
680,168,0,1,1,1,1,0,0,1,1,1,1,0,0,1,0,0,0,1,0,0
681,169,0,1,1,1,1,0,0,1,1,1,1,0,0,1,0,0,0,1,0,0
682,170,0,1,1,1,1,0,0,1,1,1,1,0,0,1,0,0,0,1,0,0
683,171,0,1,1,1,1,0,0,1,1,1,1,0,0,1,0,0,0,1,0,0
684,172,0,1,1,1,1,0,0,1,1,1,1,0,0,1,0,0,0,1,0,0
685,173,0,1,1,1,1,0,0,1,1,1,1,0,0,1,0,0,0,1,0,0
686,174,0,1,1,1,1,0,0,1,1,1,1,0,0,1,0,0,0,1,0,0
687,175,0,1,1,1,1,0,0,1,1,1,1,0,0,1,0,0,0,1,0,0
688,176,0,1,1,1,1,0,0,1,1,1,1,0,0,1,0,0,0,1,0,0
689,177,0,1,1,1,1,0,0,1,1,1,1,0,0,1,0,0,0,1,0,0
690,178,0,1,1,1,1,0,0,1,1,1,1,0,0,1,0,0,0,1,0,0
691,179,0,1,1,1,1,0,0,1,1,1,1,0,0,1,0,0,0,1,0,0
692,180,0,1,1,1,1,0,0,1,1,1,1,0,0,1,0,0,0,1,0,0
693,181,0,1,1,1,1,0,0,1,1,1,1,0,0,1,0,0,0,1,0,0
694,182,0,1,1,1,1,0,0,1,1,1,1,0,0,1,0,0,0,1,0,0
695,183,0,1,1,1,1,0,0,1,1,1,1,0,0,1,0,0,0,1,0,0
696,184,0,1,1,1,1,0,0,1,1,1,1,0,0,1,0,0,0,1,0,0
697,185,0,1,1,1,1,0,0,1,1,1,1,0,0,1,0,0,0,1,0,0
698,186,0,1,1,1,1,0,0,1,1,1,1,0,0,1,0,0,0,1,0,0
699,187,0,1,1,1,1,0,0,1,1,1,1,0,0,1,0,0,0,1,0,0
700,188,0,1,1,1,1,0,0,1,1,1,1,0,0,1,0,0,0,1,0,0
701,189,0,1,1,1,1,0,0,1,1,1,1,0,0,1,0,0,0,1,0,0
702,190,0,1,1,1,1,0,0,1,1,1,1,0,0,1,0,0,0,1,0,0
703,191,0,1,1,1,1,0,0,1,1,1,1,0,0,1,0,0,0,1,0,0
704,192,0,1,1,1,1,0,0,1,1,1,1,0,0,1,0,0,0,1,0,0
705,193,0,1,1,1,1,0,0,1,1,1,1,0,0,1,0,0,0,1,0,0
706,194,0,1,1,1,1,0,0,1,1,1,1,0,0,1,0,0,0,1,0,0
707,195,0,1,1,1,1,0,0,1,1,1,1,0,0,1,0,0,0,1,0,0
708,196,0,1,1,1,1,0,0,1,1,1,1,0,0,1,0,0,0,1,0,0
709,197,0,1,1,1,1,0,0,1,1,1,1,0,0,1,0,0,0,1,0,0
710,198,0,1,1,1,1,0,0,1,1,1,1,0,0,1,0,0,0,1,0,0
711,199,0,1,1,1,1,0,0,1,1,1,1,0,0,1,0,0,0,1,0,0
712,200,0,1,1,1,1,0,0,1,1,1,1,0,0,1,0,0,0,1,0,0
713,201,0,1,1,1,1,0,0,1,1,1,1,0,0,1,0,0,0,1,0,0
714,202,0,1,1,1,1,0,0,1,1,1,1,0,0,1,0,0,0,1,0,0
715,203,0,1,1,1,1,0,0,1,1,1,1,0,0,1,0,0,0,1,0,0
716,204,0,1,1,1,1,0,0,1,1,1,1,0,0,1,0,0,0,1,0,0
717,205,0,1,1,1,1,0,0,1,1,1,1,0,0,1,0,0,0,1,0,0
718,206,0,1,1,1,1,0,0,1,1,1,1,0,0,1,0,0,0,1,0,0
719,207,0,1,1,1,1,0,0,1,1,1,1,0,0,1,0,0,0,1,0,0
720,208,0,1,1,1,1,0,0,1,1,1,1,0,0,1,0,0,0,1,0,0
721,209,0,1,1,1,1,0,0,1,1,1,1,0,0,1,0,0,0,1,0,0
722,210,0,1,1,1,1,0,0,1,1,1,1,0,0,1,0,0,0,1,0,0
723,211,0,1,1,1,1,0,0,1,1,1,1,0,0,1,0,0,0,1,0,0
724,212,0,1,1,1,1,0,0,1,1,1,1,0,0,1,0,0,0,1,0,0
725,213,0,1,1,1,1,0,0,1,1,1,1,0,0,1,0,0,0,1,0,0
726,214,0,1,1,1,1,0,0,1,1,1,1,0,0,1,0,0,0,1,0,0
727,215,0,1,1,1,1,0,0,1,1,1,1,0,0,1,0,0,0,1,0,0
728,216,0,1,1,1,1,0,0,1,1,1,1,0,0,1,0,0,0,1,0,0
729,217,0,1,1,1,1,0,0,1,1,1,1,0,0,1,0,0,0,1,0,0
730,218,0,1,1,1,1,0,0,1,1,1,1,0,0,1,0,0,0,1,0,0
731,219,0,1,1,1,1,0,0,1,1,1,1,0,0,1,0,0,0,1,0,0
732,220,0,1,1,1,1,0,0,1,1,1,1,0,0,1,0,0,0,1,0,0
733,221,0,1,1,1,1,0,0,1,1,1,1,0,0,1,0,0,0,1,0,0
734,222,0,1,1,1,1,0,0,1,1,1,1,0,0,1,0,0,0,1,0,0
735,223,0,1,1,1,1,0,0,1,1,1,1,0,0,1,0,0,0,1,0,0
736,224,0,1,1,1,1,0,0,1,1,1,1,0,0,1,0,0,0,1,0,0
737,225,0,1,1,1,1,0,0,1,1,1,1,0,0,1,0,0,0,1,0,0
738,226,0,1,1,1,1,0,0,1,1,1,1,0,0,1,0,0,0,1,0,0
739,227,0,1,1,1,1,0,0,1,1,1,1,0,0,1,0,0,0,1,0,0
740,228,0,1,1,1,1,0,0,1,1,1,1,0,0,1,0,0,0,1,0,0
741,229,0,1,1,1,1,0,0,1,1,1,1,0,0,1,0,0,0,1,0,0
742,230,0,1,1,1,1,0,0,1,1,1,1,0,0,1,0,0,0,1,0,0
743,231,0,1,1,1,1,0,0,1,1,1,1,0,0,1,0,0,0,1,0,0
744,232,0,1,1,1,1,0,0,1,1,1,1,0,0,1,0,0,0,1,0,0
745,233,0,1,1,1,1,0,0,1,1,1,1,0,0,1,0,0,0,1,0,0
746,234,0,1,1,1,1,0,0,1,1,1,1,0,0,1,0,0,0,1,0,0
747,235,0,1,1,1,1,0,0,1,1,1,1,0,0,1,0,0,0,1,0,0
748,236,0,1,1,1,1,0,0,1,1,1,1,0,0,1,0,0,0,1,0,0
749,237,0,1,1,1,1,0,0,1,1,1,1,0,0,1,0,0,0,1,0,0
750,238,0,1,1,1,1,0,0,1,1,1,1,0,0,1,0,0,0,1,0,0
751,239,0,1,1,1,1,0,0,1,1,1,1,0,0,1,0,0,0,1,0,0
752,240,0,1,1,1,1,0,0,1,1,1,1,0,0,1,0,0,0,1,0,0
753,241,0,1,1,1,1,0,0,1,1,1,1,0,0,1,0,0,0,1,0,0
754,242,0,1,1,1,1,0,0,1,1,1,1,0,0,1,0,0,0,1,0,0
755,243,0,1,1,1,1,0,0,1,1,1,1,0,0,1,0,0,0,1,0,0
756,244,0,1,1,1,1,0,0,1,1,1,1,0,0,1,0,0,0,1,0,0
757,245,0,1,1,1,1,0,0,1,1,1,1,0,0,1,0,0,0,1,0,0
758,246,0,1,1,1,1,0,0,1,1,1,1,0,0,1,0,0,0,1,0,0
759,247,0,1,1,1,1,0,0,1,1,1,1,0,0,1,0,0,0,1,0,0
760,248,0,1,1,1,1,0,0,1,1,1,1,0,0,1,0,0,0,1,0,0
761,249,0,1,1,1,1,0,0,1,1,1,1,0,0,1,0,0,0,1,0,0
762,250,0,1,1,1,1,0,0,1,1,1,1,0,0,1,0,0,0,1,0,0
763,251,0,1,1,1,1,0,0,1,1,1,1,0,0,1,0,0,0,1,0,0
764,252,0,1,1,1,1,0,0,1,1,1,1,0,0,1,0,0,0,1,0,0
765,253,0,1,1,1,1,0,0,1,1,1,1,0,0,1,0,0,0,1,0,0
766,254,0,1,1,1,1,0,0,1,1,1,1,0,0,1,0,0,0,1,0,0
767,255,0,1,1,1,1,0,0,1,1,1,1,0,0,1,0,0,0,1,0,0
768,0,0,1,1,1,1,1,1,1,1,1,1,1,1,1,1,1,1,1,1,0
769,1,0,1,1,1,1,1,1,1,1,1,1,1,1,1,1,1,1,1,1,0
770,2,0,1,1,1,1,1,1,1,1,1,1,1,1,1,1,1,1,1,1,0
771,3,0,1,1,1,1,1,1,1,1,1,1,1,1,1,1,1,1,1,1,0
772,4,0,1,1,1,1,1,1,1,1,1,1,1,1,1,1,1,1,1,1,0
773,5,0,1,1,1,1,1,1,1,1,1,1,1,1,1,1,1,1,1,1,0
774,6,0,1,1,1,1,1,1,1,1,1,1,1,1,1,1,1,1,1,1,0
775,7,0,1,1,1,1,1,1,1,1,1,1,1,1,1,1,1,1,1,1,0
776,8,0,1,1,1,1,1,1,1,1,1,1,1,1,1,1,1,1,1,1,0
777,9,0,1,1,1,1,1,1,1,1,1,1,1,1,1,1,1,1,1,1,0
778,10,0,1,1,1,1,1,1,1,1,1,1,1,1,1,1,1,1,1,1,0
779,11,0,1,1,1,1,1,1,1,1,1,1,1,1,1,1,1,1,1,1,0
780,12,0,1,1,1,1,1,1,1,1,1,1,1,1,1,1,1,1,1,1,0
781,13,0,1,1,1,1,1,1,1,1,1,1,1,1,1,1,1,1,1,1,0
782,14,0,1,1,1,1,1,1,1,1,1,1,1,1,1,1,1,1,1,1,0
783,15,0,1,1,1,1,1,1,1,1,1,1,1,1,1,1,1,1,1,1,0
784,16,0,1,1,1,1,1,1,1,1,1,1,1,1,1,1,1,1,1,1,0
785,17,0,1,1,1,1,1,1,1,1,1,1,1,1,1,1,1,1,1,1,0
786,18,0,1,1,1,1,1,1,1,1,1,1,1,1,1,1,1,1,1,1,0
787,19,0,1,1,1,1,1,1,1,1,1,1,1,1,1,1,1,1,1,1,0
788,20,0,1,1,1,1,1,1,1,1,1,1,1,1,1,1,1,1,1,1,0
789,21,0,1,1,1,1,1,1,1,1,1,1,1,1,1,1,1,1,1,1,0
790,22,0,1,1,1,1,1,1,1,1,1,1,1,1,1,1,1,1,1,1,0
791,23,0,1,1,1,1,1,1,1,1,1,1,1,1,1,1,1,1,1,1,0
792,24,0,1,1,1,1,1,1,1,1,1,1,1,1,1,1,1,1,1,1,0
793,25,0,1,1,1,1,1,1,1,1,1,1,1,1,1,1,1,1,1,1,0
794,26,0,1,1,1,1,1,1,1,1,1,1,1,1,1,1,1,1,1,1,0
795,27,0,1,1,1,1,1,1,1,1,1,1,1,1,1,1,1,1,1,1,0
796,28,0,1,1,1,1,1,1,1,1,1,1,1,1,1,1,1,1,1,1,0
797,29,0,1,1,1,1,1,1,1,1,1,1,1,1,1,1,1,1,1,1,0
798,30,0,1,1,1,1,1,1,1,1,1,1,1,1,1,1,1,1,1,1,0
799,31,0,1,1,1,1,1,1,1,1,1,1,1,1,1,1,1,1,1,1,0
800,32,0,1,1,1,1,1,1,1,1,1,1,1,1,1,1,1,1,1,1,0
801,33,0,1,1,1,1,1,1,1,1,1,1,1,1,1,1,1,1,1,1,0
802,34,0,1,1,1,1,1,1,1,1,1,1,1,1,1,1,1,1,1,1,0
803,35,0,1,1,1,1,1,1,1,1,1,1,1,1,1,1,1,1,1,1,0
804,36,0,1,1,1,1,1,1,1,1,1,1,1,1,1,1,1,1,1,1,0
805,37,0,1,1,1,1,1,1,1,1,1,1,1,1,1,1,1,1,1,1,0
806,38,0,1,1,1,1,1,1,1,1,1,1,1,1,1,1,1,1,1,1,0
807,39,0,1,1,1,1,1,1,1,1,1,1,1,1,1,1,1,1,1,1,0
808,40,0,1,1,1,1,1,1,1,1,1,1,1,1,1,1,1,1,1,1,0
809,41,0,1,1,1,1,1,1,1,1,1,1,1,1,1,1,1,1,1,1,0
810,42,0,1,1,1,1,1,1,1,1,1,1,1,1,1,1,1,1,1,1,0
811,43,0,1,1,1,1,1,1,1,1,1,1,1,1,1,1,1,1,1,1,0
812,44,0,1,1,1,1,1,1,1,1,1,1,1,1,1,1,1,1,1,1,0
813,45,0,1,1,1,1,1,1,1,1,1,1,1,1,1,1,1,1,1,1,0
814,46,0,1,1,1,1,1,1,1,1,1,1,1,1,1,1,1,1,1,1,0
815,47,0,1,1,1,1,1,1,1,1,1,1,1,1,1,1,1,1,1,1,0
816,48,0,1,1,1,1,1,1,1,1,1,1,1,1,1,1,1,1,1,1,0
817,49,0,1,1,1,1,1,1,1,1,1,1,1,1,1,1,1,1,1,1,0
818,50,0,1,1,1,1,1,1,1,1,1,1,1,1,1,1,1,1,1,1,0
819,51,0,1,1,1,1,1,1,1,1,1,1,1,1,1,1,1,1,1,1,0
820,52,0,1,1,1,1,1,1,1,1,1,1,1,1,1,1,1,1,1,1,0
821,53,0,1,1,1,1,1,1,1,1,1,1,1,1,1,1,1,1,1,1,0
822,54,0,1,1,1,1,1,1,1,1,1,1,1,1,1,1,1,1,1,1,0
823,55,0,1,1,1,1,1,1,1,1,1,1,1,1,1,1,1,1,1,1,0
824,56,0,1,1,1,1,1,1,1,1,1,1,1,1,1,1,1,1,1,1,0
825,57,0,1,1,1,1,1,1,1,1,1,1,1,1,1,1,1,1,1,1,0
826,58,0,1,1,1,1,1,1,1,1,1,1,1,1,1,1,1,1,1,1,0
827,59,0,1,1,1,1,1,1,1,1,1,1,1,1,1,1,1,1,1,1,0
828,60,0,1,1,1,1,1,1,1,1,1,1,1,1,1,1,1,1,1,1,0
829,61,0,1,1,1,1,1,1,1,1,1,1,1,1,1,1,1,1,1,1,0
830,62,0,1,1,1,1,1,1,1,1,1,1,1,1,1,1,1,1,1,1,0
831,63,1,1,1,1,1,1,1,1,1,0,1,1,1,1,0,0,0,1,0,0
832,64,0,1,1,1,1,1,1,1,1,1,1,1,1,0,0,0,0,1,0,0
833,65,0,1,1,1,1,1,1,1,1,1,1,1,1,1,0,0,0,1,0,0
834,66,0,1,1,1,1,1,1,1,1,1,1,0,1,1,0,0,0,1,0,0
835,67,0,1,1,1,1,1,1,1,1,1,1,0,0,1,0,0,0,1,0,0
836,68,0,1,1,1,1,1,1,1,1,1,1,0,1,1,0,0,0,1,0,0
837,69,0,1,1,1,1,1,1,1,1,1,1,0,1,1,0,0,0,1,0,0
838,70,0,1,1,1,1,1,1,1,1,1,1,0,1,1,0,0,0,1,0,0
839,71,0,1,1,1,1,1,1,1,1,1,1,0,1,1,0,0,0,1,0,0
840,72,0,1,1,1,1,1,1,1,1,1,1,0,0,1,0,0,0,1,0,0
841,73,0,1,1,1,1,1,1,1,1,1,1,0,1,1,0,0,0,1,0,0
842,74,0,1,1,1,1,1,0,1,1,1,1,0,1,1,0,0,0,1,0,0
843,75,0,1,1,1,1,1,0,1,1,1,1,0,1,1,0,0,0,1,0,0
844,76,0,1,1,1,1,1,0,1,1,1,1,0,1,1,0,0,0,1,0,0
845,77,0,1,1,1,1,1,0,1,1,1,1,0,0,1,0,0,0,1,0,0
846,78,0,1,1,1,1,1,0,1,1,1,1,0,1,1,0,0,0,1,0,0
847,79,0,1,1,1,1,1,0,1,1,1,1,0,1,1,0,0,0,1,0,0
848,80,0,1,1,1,1,1,0,1,1,1,1,0,1,1,0,0,0,1,0,0
849,81,0,1,1,1,1,1,0,1,1,1,1,0,0,1,0,0,0,1,0,0
850,82,0,1,1,1,1,1,0,1,1,1,1,0,0,1,0,0,0,1,0,0
851,83,0,1,1,1,1,1,0,1,1,1,1,0,0,1,0,0,0,1,0,0
852,84,0,1,1,1,1,1,0,1,1,1,1,0,0,1,0,0,0,1,0,0
853,85,0,1,1,1,1,1,0,1,1,1,1,0,0,1,0,0,0,1,0,0
854,86,0,1,1,1,1,1,0,1,1,1,1,0,0,1,0,0,0,1,0,0
855,87,0,1,1,1,1,1,0,1,1,1,1,0,0,1,0,0,0,1,0,0
856,88,0,1,1,1,1,1,0,1,1,1,1,0,0,1,0,0,0,1,0,0
857,89,0,1,1,1,1,1,0,1,1,1,1,0,0,1,0,0,0,1,0,0
858,90,0,1,1,1,1,1,0,1,1,1,1,0,0,1,0,0,0,1,0,0
859,91,0,1,1,1,1,1,0,1,1,1,1,0,0,1,0,0,0,1,0,0
860,92,0,1,1,1,1,1,0,1,1,1,1,0,0,1,0,0,0,1,0,0
861,93,0,1,1,1,1,1,0,1,1,1,1,0,0,1,0,0,0,1,0,0
862,94,0,1,1,1,1,1,0,1,1,1,1,0,0,1,0,0,0,1,0,0
863,95,0,1,1,1,1,1,0,1,1,1,1,0,0,1,0,0,0,1,0,0
864,96,0,1,1,1,1,1,0,1,1,1,1,0,0,1,0,0,0,1,0,0
865,97,0,1,1,1,1,1,0,1,1,1,1,0,0,1,0,0,0,1,0,0
866,98,0,1,1,1,1,1,0,1,1,1,1,0,0,1,0,0,0,1,0,0
867,99,0,1,1,1,1,1,0,1,1,1,1,0,0,1,0,0,0,1,0,0
868,100,0,1,1,1,1,1,0,1,1,1,1,0,0,1,0,0,0,1,0,0
869,101,0,1,1,1,1,1,0,1,1,1,1,0,0,1,0,0,0,1,0,0
870,102,0,1,1,1,1,1,0,1,1,1,1,0,0,1,0,0,0,1,0,0
871,103,0,1,1,1,1,1,0,1,1,1,1,0,0,1,0,0,0,1,0,0
872,104,0,1,1,1,1,1,0,1,1,1,1,0,0,1,0,0,0,1,0,0
873,105,0,1,1,1,1,1,0,1,1,1,1,0,0,1,0,0,0,1,0,0
874,106,0,1,1,1,1,1,0,1,1,1,1,0,0,1,0,0,0,1,0,0
875,107,0,1,1,1,1,1,0,1,1,1,1,0,0,1,0,0,0,1,0,0
876,108,0,1,1,1,1,1,0,1,1,1,1,0,0,1,0,0,0,1,0,0
877,109,0,1,1,1,1,1,0,1,1,1,1,0,0,1,0,0,0,1,0,0
878,110,0,1,1,1,1,1,0,1,1,1,1,0,0,1,0,0,0,1,0,0
879,111,0,1,1,1,1,1,0,1,1,1,1,0,0,1,0,0,0,1,0,0
880,112,0,1,1,1,1,1,0,1,1,1,1,0,0,1,0,0,0,1,0,0
881,113,0,1,1,1,1,1,0,1,1,1,1,0,0,1,0,0,0,1,0,0
882,114,0,1,1,1,1,1,0,1,1,1,1,0,0,1,0,0,0,1,0,0
883,115,0,1,1,1,1,1,0,1,1,1,1,0,0,1,0,0,0,1,0,0
884,116,0,1,1,1,1,1,0,1,1,1,1,0,0,1,0,0,0,1,0,0
885,117,0,1,1,1,1,1,0,1,1,1,1,0,0,1,0,0,0,1,0,0
886,118,0,1,1,1,1,1,0,1,1,1,1,0,0,1,0,0,0,1,0,0
887,119,0,1,1,1,1,1,0,1,1,1,1,0,0,1,0,0,0,1,0,0
888,120,0,1,1,1,1,1,0,1,1,1,1,0,0,1,0,0,0,1,0,0
889,121,0,1,1,1,1,1,0,1,1,1,1,0,0,1,0,0,0,1,0,0
890,122,0,1,1,1,1,1,0,1,1,1,1,0,0,1,0,0,0,1,0,0
891,123,0,1,1,1,1,1,0,1,1,1,1,0,0,1,0,0,0,1,0,0
892,124,0,1,1,1,1,1,0,1,1,1,1,0,0,1,0,0,0,1,0,0
893,125,0,1,1,1,1,1,0,1,1,1,1,0,0,1,0,0,0,1,0,0
894,126,0,1,1,1,1,1,0,1,1,1,1,0,0,1,0,0,0,1,0,0
895,127,0,1,1,1,1,1,0,1,1,1,1,0,0,1,0,0,0,1,0,0
896,128,0,1,1,1,1,1,0,1,1,1,1,0,0,1,0,0,0,1,0,0
897,129,0,1,1,1,1,1,0,1,1,1,1,0,0,1,0,0,0,1,0,0
898,130,0,1,1,1,1,1,0,1,1,1,1,0,0,1,0,0,0,1,0,0
899,131,0,1,1,1,1,1,0,1,1,1,1,0,0,1,0,0,0,1,0,0
900,132,0,1,1,1,1,1,0,1,1,1,1,0,0,1,0,0,0,1,0,0
901,133,0,1,1,1,1,1,0,1,1,1,1,0,0,1,0,0,0,1,0,0
902,134,0,1,1,1,1,1,0,1,1,1,1,0,0,1,0,0,0,1,0,0
903,135,0,1,1,1,1,1,0,1,1,1,1,0,0,1,0,0,0,1,0,0
904,136,0,1,1,1,1,1,0,1,1,1,1,0,0,1,0,0,0,1,0,0
905,137,0,1,1,1,1,1,0,1,1,1,1,0,0,1,0,0,0,1,0,0
906,138,0,1,1,1,1,1,0,1,1,1,1,0,0,1,0,0,0,1,0,0
907,139,0,1,1,1,1,1,0,1,1,1,1,0,0,1,0,0,0,1,0,0
908,140,0,1,1,1,1,1,0,1,1,1,1,0,0,1,0,0,0,1,0,0
909,141,0,1,1,1,1,1,0,1,1,1,1,0,0,1,0,0,0,1,0,0
910,142,0,1,1,1,1,1,0,1,1,1,1,0,0,1,0,0,0,1,0,0
911,143,0,1,1,1,1,1,0,1,1,1,1,0,0,1,0,0,0,1,0,0
912,144,0,1,1,1,1,1,0,1,1,1,1,0,0,1,0,0,0,1,0,0
913,145,0,1,1,1,1,1,0,1,1,1,1,0,0,1,0,0,0,1,0,0
914,146,0,1,1,1,1,1,0,1,1,1,1,0,0,1,0,0,0,1,0,0
915,147,0,1,1,1,1,1,0,1,1,1,1,0,0,1,0,0,0,1,0,0
916,148,0,1,1,1,1,1,0,1,1,1,1,0,0,1,0,0,0,1,0,0
917,149,0,1,1,1,1,1,0,1,1,1,1,0,0,1,0,0,0,1,0,0
918,150,0,1,1,1,1,1,0,1,1,1,1,0,0,1,0,0,0,1,0,0
919,151,0,1,1,1,1,1,0,1,1,1,1,0,0,1,0,0,0,1,0,0
920,152,0,1,1,1,1,1,0,1,1,1,1,0,0,1,0,0,0,1,0,0
921,153,0,1,1,1,1,1,0,1,1,1,1,0,0,1,0,0,0,1,0,0
922,154,0,1,1,1,1,1,0,1,1,1,1,0,0,1,0,0,0,1,0,0
923,155,0,1,1,1,1,1,0,1,1,1,1,0,0,1,0,0,0,1,0,0
924,156,0,1,1,1,1,1,0,1,1,1,1,0,0,1,0,0,0,1,0,0
925,157,0,1,1,1,1,1,0,1,1,1,1,0,0,1,0,0,0,1,0,0
926,158,0,1,1,1,1,1,0,1,1,1,1,0,0,1,0,0,0,1,0,0
927,159,0,1,1,1,1,1,0,1,1,1,1,0,0,1,0,0,0,1,0,0
928,160,0,1,1,1,1,1,0,1,1,1,1,0,0,1,0,0,0,1,0,0
929,161,0,1,1,1,1,1,0,1,1,1,1,0,0,1,0,0,0,1,0,0
930,162,0,1,1,1,1,1,0,1,1,1,1,0,0,1,0,0,0,1,0,0
931,163,0,1,1,1,1,1,0,1,1,1,1,0,0,1,0,0,0,1,0,0
932,164,0,1,1,1,1,1,0,1,1,1,1,0,0,1,0,0,0,1,0,0
933,165,0,1,1,1,1,1,0,1,1,1,1,0,0,1,0,0,0,1,0,0
934,166,0,1,1,1,1,1,0,1,1,1,1,0,0,1,0,0,0,1,0,0
935,167,0,1,1,1,1,1,0,1,1,1,1,0,0,1,0,0,0,1,0,0
936,168,0,1,1,1,1,1,0,1,1,1,1,0,0,1,0,0,0,1,0,0
937,169,0,1,1,1,1,1,0,1,1,1,1,0,0,1,0,0,0,1,0,0
938,170,0,1,1,1,1,1,0,1,1,1,1,0,0,1,0,0,0,1,0,0
939,171,0,1,1,1,1,1,0,1,1,1,1,0,0,1,0,0,0,1,0,0
940,172,0,1,1,1,1,1,0,1,1,1,1,0,0,1,0,0,0,1,0,0
941,173,0,1,1,1,1,1,0,1,1,1,1,0,0,1,0,0,0,1,0,0
942,174,0,1,1,1,1,1,0,1,1,1,1,0,0,1,0,0,0,1,0,0
943,175,0,1,1,1,1,1,0,1,1,1,1,0,0,1,0,0,0,1,0,0
944,176,0,1,1,1,1,1,0,1,1,1,1,0,0,1,0,0,0,1,0,0
945,177,0,1,1,1,1,1,0,1,1,1,1,0,0,1,0,0,0,1,0,0
946,178,0,1,1,1,1,1,0,1,1,1,1,0,0,1,0,0,0,1,0,0
947,179,0,1,1,1,1,1,0,1,1,1,1,0,0,1,0,0,0,1,0,0
948,180,0,1,1,1,1,1,0,1,1,1,1,0,0,1,0,0,0,1,0,0
949,181,0,1,1,1,1,1,0,1,1,1,1,0,0,1,0,0,0,1,0,0
950,182,0,1,1,1,1,1,0,1,1,1,1,0,0,1,0,0,0,1,0,0
951,183,0,1,1,1,1,1,0,1,1,1,1,0,0,1,0,0,0,1,0,0
952,184,0,1,1,1,1,1,0,1,1,1,1,0,0,1,0,0,0,1,0,0
953,185,0,1,1,1,1,1,0,1,1,1,1,0,0,1,0,0,0,1,0,0
954,186,0,1,1,1,1,1,0,1,1,1,1,0,0,1,0,0,0,1,0,0
955,187,0,1,1,1,1,1,0,1,1,1,1,0,0,1,0,0,0,1,0,0
956,188,0,1,1,1,1,1,0,1,1,1,1,0,0,1,0,0,0,1,0,0
957,189,0,1,1,1,1,1,0,1,1,1,1,0,0,1,0,0,0,1,0,0
958,190,0,1,1,1,1,1,0,1,1,1,1,0,0,1,0,0,0,1,0,0
959,191,0,1,1,1,1,1,0,1,1,1,1,0,0,1,0,0,0,1,0,0
960,192,0,1,1,1,1,1,0,1,1,1,1,0,0,1,0,0,0,1,0,0
961,193,0,1,1,1,1,1,0,1,1,1,1,0,0,1,0,0,0,1,0,0
962,194,0,1,1,1,1,1,0,1,1,1,1,0,0,1,0,0,0,1,0,0
963,195,0,1,1,1,1,1,0,1,1,1,1,0,0,1,0,0,0,1,0,0
964,196,0,1,1,1,1,1,0,1,1,1,1,0,0,1,0,0,0,1,0,0
965,197,0,1,1,1,1,1,0,1,1,1,1,0,0,1,0,0,0,1,0,0
966,198,0,1,1,1,1,1,0,1,1,1,1,0,0,1,0,0,0,1,0,0
967,199,0,1,1,1,1,1,0,1,1,1,1,0,0,1,0,0,0,1,0,0
968,200,0,1,1,1,1,1,0,1,1,1,1,0,0,1,0,0,0,1,0,0
969,201,0,1,1,1,1,1,0,1,1,1,1,0,0,1,0,0,0,1,0,0
970,202,0,1,1,1,1,1,0,1,1,1,1,0,0,1,0,0,0,1,0,0
971,203,0,1,1,1,1,1,0,1,1,1,1,0,0,1,0,0,0,1,0,0
972,204,0,1,1,1,1,1,0,1,1,1,1,0,0,1,0,0,0,1,0,0
973,205,0,1,1,1,1,1,0,1,1,1,1,0,0,1,0,0,0,1,0,0
974,206,0,1,1,1,1,1,0,1,1,1,1,0,0,1,0,0,0,1,0,0
975,207,0,1,1,1,1,1,0,1,1,1,1,0,0,1,0,0,0,1,0,0
976,208,0,1,1,1,1,1,0,1,1,1,1,0,0,1,0,0,0,1,0,0
977,209,0,1,1,1,1,1,0,1,1,1,1,0,0,1,0,0,0,1,0,0
978,210,0,1,1,1,1,1,0,1,1,1,1,0,0,1,0,0,0,1,0,0
979,211,0,1,1,1,1,1,0,1,1,1,1,0,0,1,0,0,0,1,0,0
980,212,0,1,1,1,1,1,0,1,1,1,1,0,0,1,0,0,0,1,0,0
981,213,0,1,1,1,1,1,0,1,1,1,1,0,0,1,0,0,0,1,0,0
982,214,0,1,1,1,1,1,0,1,1,1,1,0,0,1,0,0,0,1,0,0
983,215,0,1,1,1,1,1,0,1,1,1,1,0,0,1,0,0,0,1,0,0
984,216,0,1,1,1,1,1,0,1,1,1,1,0,0,1,0,0,0,1,0,0
985,217,0,1,1,1,1,1,0,1,1,1,1,0,0,1,0,0,0,1,0,0
986,218,0,1,1,1,1,1,0,1,1,1,1,0,0,1,0,0,0,1,0,0
987,219,0,1,1,1,1,1,0,1,1,1,1,0,0,1,0,0,0,1,0,0
988,220,0,1,1,1,1,1,0,1,1,1,1,0,0,1,0,0,0,1,0,0
989,221,0,1,1,1,1,1,0,1,1,1,1,0,0,1,0,0,0,1,0,0
990,222,0,1,1,1,1,1,0,1,1,1,1,0,0,1,0,0,0,1,0,0
991,223,0,1,1,1,1,1,0,1,1,1,1,0,0,1,0,0,0,1,0,0
992,224,0,1,1,1,1,1,0,1,1,1,1,0,0,1,0,0,0,1,0,0
993,225,0,1,1,1,1,1,0,1,1,1,1,0,0,1,0,0,0,1,0,0
994,226,0,1,1,1,1,1,0,1,1,1,1,0,0,1,0,0,0,1,0,0
995,227,0,1,1,1,1,1,0,1,1,1,1,0,0,1,0,0,0,1,0,0
996,228,0,1,1,1,1,1,0,1,1,1,1,0,0,1,0,0,0,1,0,0
997,229,0,1,1,1,1,1,0,1,1,1,1,0,0,1,0,0,0,1,0,0
998,230,0,1,1,1,1,1,0,1,1,1,1,0,0,1,0,0,0,1,0,0
999,231,0,1,1,1,1,1,0,1,1,1,1,0,0,1,0,0,0,1,0,0
1000,232,0,1,1,1,1,1,0,1,1,1,1,0,0,1,0,0,0,1,0,0
1001,233,0,1,1,1,1,1,0,1,1,1,1,0,0,1,0,0,0,1,0,0
1002,234,0,1,1,1,1,1,0,1,1,1,1,0,0,1,0,0,0,1,0,0
1003,235,0,1,1,1,1,1,0,1,1,1,1,0,0,1,0,0,0,1,0,0
1004,236,0,1,1,1,1,1,0,1,1,1,1,0,0,1,0,0,0,1,0,0
1005,237,0,1,1,1,1,1,0,1,1,1,1,0,0,1,0,0,0,1,0,0
1006,238,0,1,1,1,1,1,0,1,1,1,1,0,0,1,0,0,0,1,0,0
1007,239,0,1,1,1,1,1,0,1,1,1,1,0,0,1,0,0,0,1,0,0
1008,240,0,1,1,1,1,1,0,1,1,1,1,0,0,1,0,0,0,1,0,0
1009,241,0,1,1,1,1,1,0,1,1,1,1,0,0,1,0,0,0,1,0,0
1010,242,0,1,1,1,1,1,0,1,1,1,1,0,0,1,0,0,0,1,0,0
1011,243,0,1,1,1,1,1,0,1,1,1,1,0,0,1,0,0,0,1,0,0
1012,244,0,1,1,1,1,1,0,1,1,1,1,0,0,1,0,0,0,1,0,0
1013,245,0,1,1,1,1,1,0,1,1,1,1,0,0,1,0,0,0,1,0,0
1014,246,0,1,1,1,1,1,0,1,1,1,1,0,0,1,0,0,0,1,0,0
1015,247,0,1,1,1,1,1,0,1,1,1,1,0,0,1,0,0,0,1,0,0
1016,248,0,1,1,1,1,1,0,1,1,1,1,0,0,1,0,0,0,1,0,0
1017,249,0,1,1,1,1,1,0,1,1,1,1,0,0,1,0,0,0,1,0,0
1018,250,0,1,1,1,1,1,0,1,1,1,1,0,0,1,0,0,0,1,0,0
1019,251,0,1,1,1,1,1,0,1,1,1,1,0,0,1,0,0,0,1,0,0
1020,252,0,1,1,1,1,1,0,1,1,1,1,0,0,1,0,0,0,1,0,0
1021,253,0,1,1,1,1,1,0,1,1,1,1,0,0,1,0,0,0,1,0,0
1022,254,0,1,1,1,1,1,0,1,1,1,1,0,0,1,0,0,0,1,0,0
1023,255,0,1,1,1,1,1,0,1,1,1,1,0,0,1,0,0,0,1,0,0
